Date,Close,Open,High,Low
21/04/2015,1.0736,1.074,1.0784,1.0661
22/04/2015,1.0726,1.0736,1.0802,1.0709
23/04/2015,1.0827,1.0726,1.0848,1.0667
24/04/2015,1.0874,1.0825,1.0901,1.0785
27/04/2015,1.0888,1.0873,1.0928,1.0821
28/04/2015,1.0981,1.0894,1.0991,1.0859
29/04/2015,1.1132,1.0983,1.1189,1.096
30/04/2015,1.1225,1.113,1.1269,1.1073
1/5/2015,1.1202,1.1223,1.129,1.1176
4/5/2015,1.1146,1.1202,1.1226,1.1123
5/5/2015,1.1186,1.1147,1.1223,1.1067
6/5/2015,1.1353,1.1187,1.1372,1.1176
7/5/2015,1.1267,1.1347,1.1393,1.1237
8/5/2015,1.1204,1.1267,1.129,1.1178
11/5/2015,1.1155,1.1197,1.1207,1.1131
12/5/2015,1.1214,1.1155,1.1277,1.1134
13/05/2015,1.1357,1.1214,1.1385,1.1204
14/05/2015,1.141,1.1359,1.1447,1.1341
15/05/2015,1.1452,1.141,1.1467,1.1324
18/05/2015,1.1315,1.1441,1.145,1.1298
19/05/2015,1.1149,1.1317,1.1328,1.1119
20/05/2015,1.1093,1.115,1.1156,1.1063
21/05/2015,1.1113,1.1092,1.1181,1.108
22/05/2015,1.1018,1.1115,1.1211,1.1004
25/05/2015,1.0978,1.1006,1.1012,1.0961
26/05/2015,1.0873,1.0978,1.0985,1.0863
27/05/2015,1.0905,1.0873,1.0931,1.082
28/05/2015,1.0949,1.0905,1.096,1.0869
29/05/2015,1.0988,1.0948,1.1006,1.0926
1/6/2015,1.0928,1.0989,1.0991,1.0888
2/6/2015,1.1155,1.0928,1.1193,1.0915
3/6/2015,1.1275,1.1151,1.1284,1.1079
4/6/2015,1.1239,1.1276,1.1381,1.1227
5/6/2015,1.1113,1.1239,1.1281,1.105
8/6/2015,1.1292,1.1113,1.1307,1.108
9/6/2015,1.1284,1.1292,1.1345,1.1214
10/6/2015,1.1326,1.1286,1.1387,1.1261
11/6/2015,1.1258,1.1325,1.1332,1.1183
12/6/2015,1.1269,1.1258,1.1298,1.1151
15/06/2015,1.1284,1.1225,1.1294,1.1189
16/06/2015,1.1248,1.1283,1.1331,1.1206
17/06/2015,1.1337,1.1249,1.136,1.1213
18/06/2015,1.136,1.1337,1.1438,1.1331
19/06/2015,1.1353,1.136,1.1393,1.1292
22/06/2015,1.1341,1.1363,1.1411,1.1312
23/06/2015,1.117,1.1341,1.1348,1.1135
24/06/2015,1.1207,1.1171,1.1237,1.1156
25/06/2015,1.1204,1.1204,1.1227,1.1153
26/06/2015,1.1166,1.1207,1.1221,1.1131
29/06/2015,1.1236,1.1031,1.1279,1.0954
30/06/2015,1.1138,1.1237,1.1246,1.1114
1/7/2015,1.1054,1.1139,1.1172,1.1042
2/7/2015,1.1084,1.1054,1.1124,1.1031
3/7/2015,1.1114,1.1086,1.1119,1.1066
6/7/2015,1.1057,1.0993,1.1097,1.0969
7/7/2015,1.1012,1.1056,1.1061,1.0917
8/7/2015,1.1077,1.1012,1.1094,1.0974
9/7/2015,1.1038,1.1078,1.1126,1.0992
10/7/2015,1.1164,1.1037,1.1218,1.1031
13/07/2015,1.1004,1.1107,1.1197,1.0995
14/07/2015,1.1012,1.1004,1.1084,1.0966
15/07/2015,1.0949,1.101,1.1035,1.093
16/07/2015,1.0875,1.0947,1.0964,1.0856
17/07/2015,1.0829,1.0875,1.0907,1.0827
20/07/2015,1.0827,1.0833,1.0872,1.081
21/07/2015,1.0937,1.0825,1.097,1.0811
22/07/2015,1.0934,1.0936,1.0966,1.0869
23/07/2015,1.0983,1.0928,1.1019,1.0922
24/07/2015,1.0984,1.0983,1.0997,1.0926
27/07/2015,1.1094,1.0974,1.113,1.097
28/07/2015,1.1059,1.1089,1.1101,1.1022
29/07/2015,1.0986,1.1061,1.1086,1.0967
30/07/2015,1.0933,1.0987,1.0992,1.0894
31/07/2015,1.0988,1.0934,1.1114,1.0921
3/8/2015,1.0951,1.097,1.0997,1.0941
4/8/2015,1.0882,1.0951,1.0989,1.0877
5/8/2015,1.0906,1.0883,1.0938,1.0849
6/8/2015,1.0925,1.0909,1.0944,1.0876
7/8/2015,1.0968,1.093,1.0981,1.0857
10/8/2015,1.1019,1.0969,1.1044,1.0927
11/8/2015,1.104,1.1019,1.1088,1.096
12/8/2015,1.1157,1.104,1.1212,1.1023
13/08/2015,1.1149,1.1157,1.1189,1.108
14/08/2015,1.1107,1.1149,1.1189,1.1096
17/08/2015,1.1081,1.1106,1.1125,1.1058
18/08/2015,1.1021,1.1083,1.1096,1.1018
19/08/2015,1.1119,1.1023,1.1137,1.1019
20/08/2015,1.1242,1.1117,1.1246,1.1105
21/08/2015,1.1389,1.1244,1.1393,1.1229
24/08/2015,1.162,1.1363,1.1713,1.1363
25/08/2015,1.1517,1.1619,1.1625,1.1399
26/08/2015,1.1315,1.1515,1.1561,1.129
27/08/2015,1.1245,1.1314,1.1366,1.1204
28/08/2015,1.1179,1.1247,1.131,1.1156
31/08/2015,1.1214,1.1176,1.1265,1.1162
1/9/2015,1.1319,1.1211,1.1333,1.1206
2/9/2015,1.1227,1.1311,1.1319,1.1214
3/9/2015,1.1124,1.1227,1.1246,1.1088
4/9/2015,1.1147,1.1124,1.1181,1.1089
7/9/2015,1.1168,1.1157,1.1178,1.112
8/9/2015,1.12,1.117,1.1229,1.1152
9/9/2015,1.1207,1.1202,1.1219,1.1133
10/9/2015,1.128,1.1209,1.1299,1.1174
11/9/2015,1.134,1.1279,1.1349,1.1254
14/09/2015,1.1321,1.1338,1.1375,1.1285
15/09/2015,1.1267,1.1313,1.1328,1.1258
16/09/2015,1.129,1.1267,1.1321,1.1212
17/09/2015,1.1437,1.129,1.1442,1.1284
18/09/2015,1.1305,1.1435,1.146,1.1267
21/09/2015,1.1189,1.1284,1.1332,1.1183
22/09/2015,1.112,1.1188,1.1209,1.1114
23/09/2015,1.1187,1.112,1.1214,1.1105
24/09/2015,1.123,1.1185,1.1296,1.1164
25/09/2015,1.1195,1.1227,1.1231,1.1115
28/09/2015,1.1246,1.1195,1.125,1.1149
29/09/2015,1.1249,1.1247,1.1285,1.1196
30/09/2015,1.1177,1.1246,1.1262,1.1157
1/10/2015,1.1195,1.1176,1.121,1.1134
2/10/2015,1.1211,1.1196,1.1319,1.1151
5/10/2015,1.1185,1.122,1.129,1.117
6/10/2015,1.1271,1.1193,1.1282,1.1174
7/10/2015,1.1235,1.1269,1.1284,1.121
8/10/2015,1.1279,1.1235,1.1325,1.1232
9/10/2015,1.1358,1.1282,1.1391,1.1269
12/10/2015,1.1355,1.1355,1.1397,1.1351
13/10/2015,1.1379,1.1358,1.1413,1.1346
14/10/2015,1.1473,1.1378,1.149,1.1374
15/10/2015,1.1383,1.1474,1.1496,1.1363
16/10/2015,1.1347,1.1383,1.1397,1.1334
19/10/2015,1.1327,1.1352,1.1382,1.1307
20/10/2015,1.1345,1.1326,1.1387,1.1324
21/10/2015,1.1339,1.1347,1.138,1.1335
22/10/2015,1.1107,1.1338,1.1351,1.1098
23/10/2015,1.1018,1.1111,1.1142,1.0997
26/10/2015,1.1056,1.1008,1.1069,1.0987
27/10/2015,1.1048,1.1056,1.1079,1.1029
28/10/2015,1.092,1.105,1.1096,1.0894
29/10/2015,1.0976,1.0924,1.0985,1.0903
30/10/2015,1.1006,1.0976,1.1073,1.0964
2/11/2015,1.1015,1.1015,1.1053,1.1001
3/11/2015,1.0968,1.1014,1.1031,1.0936
4/11/2015,1.0863,1.0962,1.0968,1.0842
5/11/2015,1.0884,1.0865,1.0898,1.0835
6/11/2015,1.0741,1.0886,1.0896,1.0709
9/11/2015,1.0752,1.0738,1.0793,1.0719
10/11/2015,1.0724,1.0751,1.0764,1.0673
11/11/2015,1.0744,1.0724,1.0774,1.0705
12/11/2015,1.0817,1.0743,1.0829,1.069
13/11/2015,1.0779,1.0816,1.0818,1.0715
16/11/2015,1.0686,1.0751,1.0781,1.0675
17/11/2015,1.0644,1.069,1.0696,1.0633
18/11/2015,1.0659,1.064,1.0694,1.0617
19/11/2015,1.0734,1.0657,1.0764,1.0654
20/11/2015,1.0646,1.0736,1.0745,1.0641
23/11/2015,1.0636,1.0647,1.0658,1.0593
24/11/2015,1.0641,1.0634,1.0674,1.062
25/11/2015,1.0627,1.0642,1.069,1.0566
26/11/2015,1.061,1.0627,1.0633,1.06
27/11/2015,1.0593,1.061,1.064,1.057
30/11/2015,1.0564,1.0591,1.0596,1.0558
1/12/2015,1.0631,1.0566,1.0638,1.0562
2/12/2015,1.0615,1.0633,1.0644,1.0553
3/12/2015,1.0941,1.0616,1.0983,1.0541
4/12/2015,1.0886,1.0939,1.0957,1.0837
7/12/2015,1.0835,1.0859,1.0888,1.0795
8/12/2015,1.0894,1.0835,1.0901,1.0827
9/12/2015,1.1025,1.0888,1.1042,1.0877
10/12/2015,1.0941,1.1027,1.1029,1.0924
11/12/2015,1.0989,1.0943,1.1033,1.0926
14/12/2015,1.0992,1.0985,1.105,1.0946
15/12/2015,1.0928,1.0991,1.1059,1.0903
16/12/2015,1.0913,1.0932,1.1008,1.0888
17/12/2015,1.0825,1.0915,1.0915,1.08
18/12/2015,1.0868,1.0828,1.0877,1.0806
21/12/2015,1.0915,1.0863,1.0941,1.0848
22/12/2015,1.0955,1.0913,1.0985,1.0901
23/12/2015,1.0909,1.0955,1.0957,1.0869
24/12/2015,1.0972,1.0913,1.0976,1.0903
25/12/2015,1.0977,1.0973,1.0979,1.0945
28/12/2015,1.0968,1.0965,1.0995,1.0951
29/12/2015,1.0917,1.0968,1.0992,1.0899
30/12/2015,1.0932,1.092,1.0947,1.0903
31/12/2015,1.0861,1.0932,1.0938,1.085
1/1/2016,1.086,1.0862,1.0869,1.0845
4/1/2016,1.0831,1.0858,1.0949,1.0783
5/1/2016,1.0748,1.0831,1.084,1.0711
6/1/2016,1.0781,1.0749,1.0802,1.0721
7/1/2016,1.0936,1.0779,1.0941,1.077
8/1/2016,1.0932,1.0934,1.0936,1.0804
11/1/2016,1.086,1.0923,1.0969,1.0847
12/1/2016,1.0857,1.0859,1.0904,1.0822
13/01/2016,1.0877,1.0858,1.0891,1.0807
14/01/2016,1.0865,1.088,1.0945,1.0835
15/01/2016,1.0917,1.0866,1.0987,1.0855
18/01/2016,1.0892,1.0918,1.0941,1.0869
19/01/2016,1.0909,1.0892,1.0941,1.0861
20/01/2016,1.0891,1.091,1.0977,1.0877
21/01/2016,1.0874,1.0893,1.0922,1.0779
22/01/2016,1.0797,1.0874,1.0879,1.079
25/01/2016,1.0849,1.0799,1.0858,1.0788
26/01/2016,1.0871,1.085,1.0875,1.0819
27/01/2016,1.0893,1.0871,1.0917,1.0851
28/01/2016,1.0939,1.0891,1.0969,1.0869
29/01/2016,1.0837,1.0938,1.0951,1.0812
1/2/2016,1.0888,1.0833,1.0915,1.0814
2/2/2016,1.0919,1.0892,1.0944,1.0886
3/2/2016,1.1104,1.0917,1.1146,1.0903
4/2/2016,1.1208,1.1104,1.124,1.107
5/2/2016,1.1159,1.1209,1.1246,1.111
8/2/2016,1.1198,1.1159,1.1218,1.1087
9/2/2016,1.1293,1.1197,1.1339,1.1163
10/2/2016,1.129,1.1292,1.1311,1.1159
11/2/2016,1.1324,1.1292,1.1378,1.1274
12/2/2016,1.126,1.1328,1.1335,1.1215
15/02/2016,1.1155,1.1251,1.1253,1.1127
16/02/2016,1.1144,1.1155,1.1196,1.1123
17/02/2016,1.1128,1.1143,1.118,1.1104
18/02/2016,1.1107,1.113,1.1153,1.1072
19/02/2016,1.1134,1.1107,1.114,1.1067
22/02/2016,1.1029,1.1128,1.1137,1.1003
23/02/2016,1.102,1.1031,1.1055,1.0991
24/02/2016,1.1013,1.1019,1.1047,1.0957
25/02/2016,1.1023,1.1014,1.1052,1.0987
26/02/2016,1.0934,1.102,1.1071,1.0913
29/02/2016,1.0873,1.0932,1.0964,1.0858
1/3/2016,1.0867,1.0873,1.0896,1.0835
2/3/2016,1.0868,1.0868,1.0881,1.0825
3/3/2016,1.0957,1.0867,1.0974,1.0853
4/3/2016,1.1004,1.0958,1.1045,1.0903
7/3/2016,1.1014,1.1008,1.1027,1.094
8/3/2016,1.1011,1.1014,1.1059,1.0992
9/3/2016,1.0999,1.1012,1.1037,1.0946
10/3/2016,1.1177,1.0998,1.1218,1.0821
11/3/2016,1.1153,1.1177,1.1212,1.1081
14/03/2016,1.1106,1.1151,1.1177,1.1076
15/03/2016,1.1109,1.11,1.1125,1.1071
16/03/2016,1.1225,1.111,1.1245,1.1058
17/03/2016,1.1319,1.1224,1.1344,1.1205
18/03/2016,1.127,1.1319,1.1339,1.1257
21/03/2016,1.1241,1.127,1.1286,1.1235
22/03/2016,1.1217,1.1245,1.1263,1.119
23/03/2016,1.1184,1.1218,1.1224,1.1158
24/03/2016,1.1174,1.1179,1.1188,1.1143
25/03/2016,1.1166,1.1176,1.1189,1.1153
28/03/2016,1.1196,1.1164,1.1221,1.1154
29/03/2016,1.1291,1.1198,1.1305,1.1168
30/03/2016,1.1338,1.129,1.1366,1.1281
31/03/2016,1.138,1.1338,1.1413,1.1309
1/4/2016,1.1387,1.138,1.1439,1.1334
4/4/2016,1.1392,1.1393,1.1414,1.1357
5/4/2016,1.1384,1.1389,1.1406,1.1336
6/4/2016,1.1399,1.1384,1.1434,1.1327
7/4/2016,1.1377,1.1398,1.1455,1.1337
8/4/2016,1.1401,1.1379,1.1421,1.135
11/4/2016,1.1408,1.1407,1.1448,1.1373
12/4/2016,1.1386,1.1408,1.1466,1.1347
13/04/2016,1.1274,1.1385,1.1393,1.1266
14/04/2016,1.1268,1.1274,1.1296,1.1234
15/04/2016,1.1283,1.1271,1.132,1.1246
18/04/2016,1.1314,1.1297,1.1334,1.1274
19/04/2016,1.1358,1.1314,1.1387,1.1302
20/04/2016,1.1297,1.1356,1.1388,1.1288
21/04/2016,1.1288,1.1297,1.1396,1.1272
22/04/2016,1.1233,1.129,1.1311,1.122
25/04/2016,1.1266,1.1231,1.128,1.1216
26/04/2016,1.1298,1.1265,1.1338,1.1254
27/04/2016,1.1321,1.1298,1.1364,1.1274
28/04/2016,1.1353,1.132,1.137,1.1296
29/04/2016,1.1456,1.1354,1.1461,1.1335
2/5/2016,1.1532,1.1447,1.1539,1.1446
3/5/2016,1.1497,1.1533,1.1616,1.1495
4/5/2016,1.1487,1.1496,1.153,1.1467
5/5/2016,1.1405,1.1486,1.1496,1.1385
6/5/2016,1.1405,1.1408,1.1479,1.1387
9/5/2016,1.1383,1.1401,1.1422,1.1375
10/5/2016,1.1372,1.1385,1.1413,1.1361
11/5/2016,1.1427,1.1373,1.1448,1.1368
12/5/2016,1.1377,1.1426,1.1434,1.1368
13/05/2016,1.1308,1.1378,1.1383,1.1284
16/05/2016,1.132,1.1311,1.1346,1.1302
17/05/2016,1.1314,1.1321,1.135,1.1303
18/05/2016,1.1217,1.1313,1.1327,1.1212
19/05/2016,1.1203,1.1216,1.123,1.1179
20/05/2016,1.1224,1.1204,1.1239,1.1194
23/05/2016,1.1219,1.1218,1.1246,1.1187
24/05/2016,1.1141,1.1219,1.1228,1.113
25/05/2016,1.1155,1.1141,1.1169,1.1128
26/05/2016,1.1194,1.1154,1.1218,1.1144
27/05/2016,1.1115,1.1193,1.1201,1.1107
30/05/2016,1.1147,1.1117,1.1149,1.1098
31/05/2016,1.1132,1.1138,1.1176,1.1123
1/6/2016,1.1188,1.1133,1.1198,1.1114
2/6/2016,1.1151,1.1189,1.1221,1.1142
3/6/2016,1.1367,1.1152,1.1377,1.1136
6/6/2016,1.1355,1.1353,1.1395,1.1328
7/6/2016,1.1358,1.1355,1.1382,1.1338
8/6/2016,1.1394,1.1358,1.1412,1.1349
9/6/2016,1.1316,1.1399,1.1417,1.1305
10/6/2016,1.1251,1.1317,1.1329,1.1245
13/06/2016,1.1292,1.1253,1.1304,1.1233
14/06/2016,1.1208,1.1293,1.1304,1.1188
15/06/2016,1.1259,1.1205,1.1299,1.119
16/06/2016,1.1226,1.126,1.1298,1.1132
17/06/2016,1.1277,1.1226,1.1299,1.1221
20/06/2016,1.1314,1.1285,1.1386,1.1284
21/06/2016,1.1242,1.1312,1.1351,1.1241
22/06/2016,1.1297,1.1242,1.1339,1.1236
23/06/2016,1.1389,1.1298,1.1424,1.1296
24/06/2016,1.1117,1.1392,1.1434,1.0911
27/06/2016,1.1026,1.1072,1.1087,1.0972
28/06/2016,1.1067,1.1025,1.1111,1.1008
29/06/2016,1.1125,1.1065,1.1131,1.1048
30/06/2016,1.1105,1.1124,1.1157,1.1023
1/7/2016,1.1136,1.1104,1.1169,1.107
4/7/2016,1.1156,1.1142,1.1166,1.1097
5/7/2016,1.1076,1.1154,1.1184,1.1059
6/7/2016,1.1099,1.1075,1.1111,1.1029
7/7/2016,1.1063,1.1101,1.1113,1.1053
8/7/2016,1.1054,1.1063,1.1115,1.1002
11/7/2016,1.1058,1.1052,1.1076,1.1016
12/7/2016,1.1059,1.1058,1.1128,1.1051
13/07/2016,1.109,1.1061,1.1121,1.1043
14/07/2016,1.112,1.1089,1.1166,1.1085
15/07/2016,1.1036,1.1118,1.115,1.1023
18/07/2016,1.1074,1.1043,1.1086,1.1038
19/07/2016,1.1022,1.1073,1.1086,1.0999
20/07/2016,1.1015,1.102,1.1032,1.0981
21/07/2016,1.1025,1.1013,1.106,1.0981
22/07/2016,1.0976,1.103,1.1043,1.0954
25/07/2016,1.0994,1.0972,1.1002,1.0954
26/07/2016,1.0987,1.0997,1.1031,1.0978
27/07/2016,1.1058,1.0986,1.1068,1.0963
28/07/2016,1.1075,1.1058,1.1119,1.1048
29/07/2016,1.1174,1.1079,1.12,1.1071
1/8/2016,1.1162,1.1177,1.1187,1.1157
2/8/2016,1.1227,1.1162,1.1235,1.1155
3/8/2016,1.1149,1.1224,1.1233,1.1139
4/8/2016,1.113,1.1149,1.1158,1.1114
5/8/2016,1.1086,1.1128,1.1162,1.1044
8/8/2016,1.1092,1.1088,1.1107,1.1073
9/8/2016,1.1119,1.109,1.1125,1.107
10/8/2016,1.1176,1.1117,1.1193,1.1103
11/8/2016,1.1137,1.1175,1.1194,1.1133
12/8/2016,1.1161,1.1139,1.1224,1.113
15/08/2016,1.1184,1.1162,1.1203,1.1153
16/08/2016,1.1278,1.1182,1.1324,1.1175
17/08/2016,1.1288,1.1279,1.1317,1.1241
18/08/2016,1.1354,1.1293,1.1367,1.1283
19/08/2016,1.1326,1.1351,1.1363,1.1303
22/08/2016,1.1319,1.1306,1.1334,1.1273
23/08/2016,1.1306,1.1321,1.1357,1.1302
24/08/2016,1.1263,1.1305,1.1315,1.1244
25/08/2016,1.1283,1.1266,1.1301,1.1258
26/08/2016,1.1198,1.1284,1.1343,1.118
29/08/2016,1.1189,1.1192,1.1208,1.1157
30/08/2016,1.1143,1.1189,1.1198,1.113
31/08/2016,1.1158,1.1143,1.1167,1.1123
1/9/2016,1.1198,1.1157,1.1207,1.1128
2/9/2016,1.1156,1.1197,1.1254,1.1151
5/9/2016,1.1147,1.1153,1.1185,1.114
6/9/2016,1.1256,1.1147,1.1267,1.114
7/9/2016,1.1239,1.1255,1.1271,1.1228
8/9/2016,1.1261,1.124,1.1329,1.1234
9/9/2016,1.1233,1.1262,1.1288,1.12
12/9/2016,1.1234,1.1232,1.1269,1.1211
13/09/2016,1.122,1.1236,1.1262,1.1203
14/09/2016,1.125,1.1216,1.1274,1.1208
15/09/2016,1.1244,1.1249,1.1286,1.122
16/09/2016,1.1155,1.1244,1.1256,1.1147
19/09/2016,1.1174,1.1161,1.1198,1.1147
20/09/2016,1.1155,1.1178,1.1216,1.1147
21/09/2016,1.1189,1.1152,1.12,1.1123
22/09/2016,1.1208,1.1193,1.1258,1.1181
23/09/2016,1.1226,1.1209,1.1244,1.1195
26/09/2016,1.1254,1.1221,1.1279,1.122
27/09/2016,1.1215,1.1253,1.1262,1.119
28/09/2016,1.1216,1.1214,1.1238,1.1181
29/09/2016,1.1223,1.1217,1.1251,1.1197
30/09/2016,1.1241,1.1225,1.1253,1.1153
3/10/2016,1.1211,1.1235,1.1245,1.1205
4/10/2016,1.1204,1.121,1.124,1.1138
5/10/2016,1.1206,1.1206,1.1237,1.1191
6/10/2016,1.1151,1.1205,1.1214,1.1139
7/10/2016,1.1201,1.1151,1.1207,1.1103
10/10/2016,1.1138,1.1196,1.1202,1.1128
11/10/2016,1.1054,1.1136,1.1144,1.1047
12/10/2016,1.1008,1.1053,1.1072,1.1003
13/10/2016,1.1056,1.1004,1.1058,1.0983
14/10/2016,1.0971,1.1056,1.1062,1.0968
17/10/2016,1.0999,1.0975,1.1011,1.0965
18/10/2016,1.0981,1.1,1.1029,1.097
19/10/2016,1.0974,1.0981,1.1006,1.0955
20/10/2016,1.093,1.0974,1.1041,1.0916
21/10/2016,1.0884,1.0929,1.0933,1.0859
24/10/2016,1.0883,1.0879,1.0903,1.0861
25/10/2016,1.0888,1.0882,1.0906,1.085
26/10/2016,1.0909,1.0889,1.0947,1.0872
27/10/2016,1.0897,1.0909,1.0945,1.0884
28/10/2016,1.0987,1.0899,1.0995,1.0893
31/10/2016,1.0981,1.0986,1.0994,1.0936
1/11/2016,1.1056,1.0981,1.1071,1.0958
2/11/2016,1.1097,1.1056,1.1126,1.1051
3/11/2016,1.1105,1.1098,1.1128,1.1059
4/11/2016,1.1138,1.1105,1.1146,1.108
7/11/2016,1.104,1.1137,1.1139,1.1029
8/11/2016,1.1026,1.1042,1.107,1.1008
9/11/2016,1.0909,1.1023,1.13,1.0903
10/11/2016,1.0893,1.0911,1.0958,1.0866
11/11/2016,1.0856,1.0897,1.0929,1.0833
14/11/2016,1.0737,1.085,1.0852,1.0709
15/11/2016,1.0722,1.0736,1.0817,1.0711
16/11/2016,1.069,1.0724,1.0764,1.0667
17/11/2016,1.0626,1.069,1.0746,1.0617
18/11/2016,1.0588,1.0625,1.0645,1.057
21/11/2016,1.0629,1.0583,1.0652,1.0579
22/11/2016,1.0626,1.0627,1.066,1.0583
23/11/2016,1.056,1.0629,1.0646,1.0526
24/11/2016,1.0554,1.0554,1.0587,1.0517
25/11/2016,1.0587,1.0551,1.0631,1.0538
28/11/2016,1.0615,1.0595,1.0686,1.0563
29/11/2016,1.065,1.0615,1.0657,1.0565
30/11/2016,1.0588,1.0649,1.0669,1.0554
1/12/2016,1.0662,1.059,1.067,1.0584
2/12/2016,1.0673,1.0663,1.0692,1.0625
5/12/2016,1.0764,1.0674,1.0798,1.0505
6/12/2016,1.0719,1.0764,1.0787,1.0698
7/12/2016,1.0753,1.0721,1.077,1.0709
8/12/2016,1.0615,1.0753,1.0873,1.0596
9/12/2016,1.0562,1.0618,1.0632,1.0531
12/12/2016,1.0635,1.0551,1.0652,1.0524
13/12/2016,1.0627,1.0635,1.0668,1.0603
14/12/2016,1.0537,1.0627,1.0671,1.0495
15/12/2016,1.0414,1.0536,1.0544,1.0366
16/12/2016,1.0451,1.0419,1.0477,1.0402
19/12/2016,1.0402,1.0442,1.048,1.0391
20/12/2016,1.0387,1.0405,1.0419,1.0352
21/12/2016,1.0425,1.0389,1.0452,1.0381
22/12/2016,1.0437,1.0423,1.0501,1.0421
23/12/2016,1.0457,1.0438,1.0469,1.0427
26/12/2016,1.0456,1.0454,1.0473,1.0439
27/12/2016,1.0457,1.0453,1.0465,1.0431
28/12/2016,1.0412,1.0459,1.0484,1.0373
29/12/2016,1.0492,1.0417,1.0494,1.0406
30/12/2016,1.0516,1.0492,1.0654,1.0482
2/1/2017,1.0459,1.0532,1.0534,1.0448
3/1/2017,1.0406,1.0455,1.0492,1.0341
4/1/2017,1.0488,1.0405,1.0501,1.0389
5/1/2017,1.0607,1.0493,1.0619,1.0482
6/1/2017,1.0533,1.0606,1.0624,1.0523
9/1/2017,1.0574,1.0539,1.0584,1.051
10/1/2017,1.0554,1.0573,1.0628,1.0551
11/1/2017,1.0582,1.0556,1.0624,1.0454
12/1/2017,1.0613,1.0583,1.0687,1.0573
13/01/2017,1.0644,1.0612,1.0674,1.0598
16/01/2017,1.0603,1.0618,1.0638,1.058
17/01/2017,1.0713,1.06,1.072,1.0595
18/01/2017,1.0631,1.0713,1.0715,1.0625
19/01/2017,1.0664,1.0629,1.0677,1.0588
20/01/2017,1.0703,1.0667,1.0713,1.0627
23/01/2017,1.0765,1.0687,1.0773,1.0686
24/01/2017,1.0731,1.0763,1.0775,1.0718
25/01/2017,1.0748,1.0734,1.0773,1.0713
26/01/2017,1.0682,1.0746,1.0767,1.0657
27/01/2017,1.0699,1.0685,1.0729,1.0661
30/01/2017,1.0695,1.0692,1.0743,1.062
31/01/2017,1.0798,1.0695,1.0814,1.0684
1/2/2017,1.0769,1.0798,1.081,1.0731
2/2/2017,1.0758,1.0766,1.0829,1.0753
3/2/2017,1.0784,1.0759,1.08,1.0714
6/2/2017,1.075,1.0781,1.0801,1.0703
7/2/2017,1.0681,1.075,1.0751,1.0654
8/2/2017,1.0699,1.0682,1.0715,1.064
9/2/2017,1.0656,1.0699,1.0711,1.065
10/2/2017,1.0641,1.0658,1.067,1.0609
13/02/2017,1.0598,1.0633,1.0659,1.0591
14/02/2017,1.0577,1.0596,1.0633,1.056
15/02/2017,1.0601,1.0577,1.0611,1.0523
16/02/2017,1.0674,1.06,1.0682,1.0588
17/02/2017,1.0614,1.0675,1.0679,1.0605
20/02/2017,1.0614,1.0618,1.0637,1.0606
21/02/2017,1.0537,1.0611,1.0618,1.0526
22/02/2017,1.0556,1.0534,1.0574,1.0493
23/02/2017,1.0581,1.0558,1.0598,1.0539
24/02/2017,1.0563,1.0583,1.062,1.0557
27/02/2017,1.0587,1.0562,1.0633,1.0551
28/02/2017,1.0577,1.0587,1.0632,1.057
1/3/2017,1.0547,1.0574,1.0589,1.0514
2/3/2017,1.0507,1.0547,1.0551,1.0492
3/3/2017,1.0623,1.0508,1.0626,1.0502
6/3/2017,1.0581,1.0617,1.0644,1.0575
7/3/2017,1.0566,1.0583,1.0603,1.0557
8/3/2017,1.0541,1.0566,1.0576,1.0535
9/3/2017,1.0577,1.0541,1.0617,1.0525
10/3/2017,1.0672,1.0577,1.0702,1.0572
13/03/2017,1.0654,1.0671,1.0715,1.065
14/03/2017,1.0604,1.0655,1.0664,1.0599
15/03/2017,1.0735,1.0605,1.0743,1.0604
16/03/2017,1.0766,1.0734,1.0772,1.0706
17/03/2017,1.0738,1.0765,1.0784,1.0728
20/03/2017,1.0739,1.074,1.0779,1.0725
21/03/2017,1.0811,1.074,1.0822,1.072
22/03/2017,1.0797,1.081,1.0827,1.0776
23/03/2017,1.0783,1.0797,1.0807,1.0769
24/03/2017,1.0799,1.0784,1.082,1.0761
27/03/2017,1.0865,1.0797,1.0905,1.0795
28/03/2017,1.0813,1.0864,1.0873,1.0797
29/03/2017,1.0767,1.0811,1.0827,1.0739
30/03/2017,1.0675,1.0766,1.0772,1.0671
31/03/2017,1.0652,1.0675,1.0705,1.0652
3/4/2017,1.0671,1.0661,1.0684,1.0644
4/4/2017,1.0673,1.0669,1.0678,1.0635
5/4/2017,1.0663,1.0672,1.069,1.0633
6/4/2017,1.0644,1.0663,1.0686,1.0629
7/4/2017,1.059,1.0644,1.0668,1.058
10/4/2017,1.0596,1.0593,1.0609,1.0571
11/4/2017,1.0602,1.0595,1.0631,1.0577
12/4/2017,1.0666,1.0606,1.0677,1.0589
13/04/2017,1.0614,1.0664,1.0679,1.0609
14/04/2017,1.0612,1.0615,1.0633,1.0606
17/04/2017,1.0644,1.0615,1.0673,1.0604
18/04/2017,1.0734,1.0644,1.0737,1.0636
19/04/2017,1.0711,1.073,1.0738,1.07
20/04/2017,1.0717,1.0711,1.078,1.0709
21/04/2017,1.0728,1.0719,1.0739,1.0682
24/04/2017,1.0867,1.089,1.0936,1.0819
25/04/2017,1.0926,1.0868,1.0951,1.0851
26/04/2017,1.0903,1.0924,1.0951,1.0856
27/04/2017,1.0873,1.0903,1.0933,1.0851
28/04/2017,1.0897,1.0877,1.0949,1.0857
1/5/2017,1.0899,1.0906,1.0924,1.0883
2/5/2017,1.093,1.0901,1.0936,1.0889
3/5/2017,1.0885,1.093,1.0939,1.0883
4/5/2017,1.0985,1.0884,1.0987,1.0873
5/5/2017,1.0998,1.0991,1.1003,1.0951
8/5/2017,1.0924,1.0998,1.1024,1.0917
9/5/2017,1.0873,1.0924,1.0934,1.0863
10/5/2017,1.0868,1.0874,1.09,1.0853
11/5/2017,1.0861,1.0869,1.0894,1.0838
12/5/2017,1.0931,1.0863,1.0937,1.0857
15/05/2017,1.0975,1.0926,1.0991,1.0922
16/05/2017,1.1082,1.0976,1.1098,1.0972
17/05/2017,1.1159,1.1083,1.1163,1.1079
18/05/2017,1.1103,1.116,1.1173,1.1075
19/05/2017,1.1207,1.1103,1.1214,1.1097
22/05/2017,1.1238,1.1202,1.1265,1.1162
23/05/2017,1.1183,1.1237,1.1269,1.1174
24/05/2017,1.1219,1.1184,1.1222,1.1169
25/05/2017,1.121,1.1218,1.1252,1.1193
26/05/2017,1.1183,1.1211,1.1235,1.1159
29/05/2017,1.1166,1.1178,1.1191,1.116
30/05/2017,1.1185,1.1166,1.1208,1.1111
31/05/2017,1.1244,1.1187,1.1254,1.1166
1/6/2017,1.1213,1.1242,1.1258,1.1203
2/6/2017,1.1282,1.1213,1.1287,1.1205
5/6/2017,1.1254,1.1279,1.1286,1.1235
6/6/2017,1.1277,1.1254,1.1286,1.124
7/6/2017,1.1257,1.1277,1.1284,1.1205
8/6/2017,1.1214,1.1257,1.127,1.1195
9/6/2017,1.1195,1.1216,1.124,1.1168
12/6/2017,1.1203,1.1196,1.1235,1.1193
13/06/2017,1.1216,1.1204,1.1225,1.1185
14/06/2017,1.1218,1.121,1.1296,1.1191
15/06/2017,1.1145,1.1219,1.1231,1.1132
16/06/2017,1.1197,1.1143,1.1202,1.1138
19/06/2017,1.1149,1.1199,1.1214,1.1141
20/06/2017,1.1134,1.1147,1.1166,1.1117
21/06/2017,1.1168,1.1133,1.1171,1.1128
22/06/2017,1.1153,1.1168,1.1179,1.114
23/06/2017,1.1194,1.1152,1.1211,1.1145
26/06/2017,1.1182,1.1202,1.1222,1.1173
27/06/2017,1.1339,1.1183,1.1351,1.1178
28/06/2017,1.1378,1.1339,1.1392,1.1292
29/06/2017,1.1441,1.1376,1.1446,1.1373
30/06/2017,1.1426,1.1442,1.1448,1.1393
3/7/2017,1.1364,1.1422,1.1431,1.1357
4/7/2017,1.1345,1.1366,1.138,1.1338
5/7/2017,1.1353,1.1345,1.1369,1.1312
6/7/2017,1.1423,1.1351,1.1425,1.1329
7/7/2017,1.1401,1.1423,1.144,1.1379
10/7/2017,1.14,1.1391,1.1418,1.1381
11/7/2017,1.1467,1.1399,1.1481,1.1383
12/7/2017,1.1412,1.1467,1.1491,1.1392
13/07/2017,1.1399,1.1413,1.1459,1.1373
14/07/2017,1.1469,1.14,1.1473,1.1392
17/07/2017,1.1479,1.1463,1.1488,1.1433
18/07/2017,1.1555,1.1479,1.1585,1.1473
19/07/2017,1.1515,1.1553,1.1559,1.1509
20/07/2017,1.1631,1.1513,1.1657,1.1479
21/07/2017,1.1663,1.1634,1.1684,1.162
24/07/2017,1.1642,1.1662,1.1688,1.1628
25/07/2017,1.1652,1.1639,1.1713,1.1631
26/07/2017,1.1734,1.1648,1.1741,1.1613
27/07/2017,1.1677,1.1734,1.1777,1.1649
28/07/2017,1.1752,1.1677,1.1765,1.1671
31/07/2017,1.1842,1.1737,1.1847,1.1723
1/8/2017,1.1801,1.1841,1.1846,1.1784
2/8/2017,1.1856,1.1802,1.1911,1.1794
3/8/2017,1.187,1.1856,1.1894,1.1831
4/8/2017,1.1772,1.1871,1.1893,1.1731
7/8/2017,1.1795,1.1768,1.1816,1.1768
8/8/2017,1.175,1.1794,1.1825,1.1714
9/8/2017,1.1759,1.1752,1.1765,1.1689
10/8/2017,1.1772,1.1759,1.1786,1.1704
11/8/2017,1.182,1.1772,1.1846,1.1747
14/08/2017,1.178,1.1806,1.184,1.177
15/08/2017,1.1735,1.178,1.1794,1.1688
16/08/2017,1.177,1.1734,1.178,1.1682
17/08/2017,1.1724,1.1767,1.179,1.1662
18/08/2017,1.1762,1.1723,1.1775,1.1707
21/08/2017,1.1816,1.175,1.183,1.1731
22/08/2017,1.1762,1.1815,1.1826,1.1745
23/08/2017,1.1808,1.1763,1.1825,1.174
24/08/2017,1.1799,1.1807,1.1821,1.1784
25/08/2017,1.1926,1.1799,1.1942,1.1773
28/08/2017,1.1979,1.1926,1.1985,1.1917
29/08/2017,1.1972,1.1978,1.2069,1.1944
30/08/2017,1.1883,1.1974,1.1986,1.1881
31/08/2017,1.191,1.1884,1.1914,1.1823
1/9/2017,1.1859,1.1911,1.1981,1.185
4/9/2017,1.1896,1.1858,1.1923,1.1853
5/9/2017,1.1914,1.1896,1.1941,1.1868
6/9/2017,1.1917,1.1914,1.1951,1.1903
7/9/2017,1.2023,1.1917,1.2061,1.1914
8/9/2017,1.2035,1.2024,1.2094,1.2016
11/9/2017,1.1953,1.2041,1.2041,1.1948
12/9/2017,1.1967,1.1953,1.198,1.1926
13/09/2017,1.1886,1.1968,1.1996,1.1873
14/09/2017,1.1919,1.1884,1.1922,1.1837
15/09/2017,1.1943,1.1919,1.1988,1.1901
18/09/2017,1.1954,1.1949,1.1971,1.1915
19/09/2017,1.1994,1.1955,1.2008,1.195
20/09/2017,1.1893,1.1994,1.2033,1.1862
21/09/2017,1.1941,1.1894,1.1955,1.1866
22/09/2017,1.1954,1.1942,1.2006,1.1937
25/09/2017,1.1848,1.1953,1.1962,1.1833
26/09/2017,1.1793,1.1848,1.1863,1.1758
27/09/2017,1.1744,1.1793,1.1797,1.1717
28/09/2017,1.1786,1.1746,1.1805,1.1721
29/09/2017,1.1814,1.1787,1.1834,1.1773
2/10/2017,1.1732,1.1818,1.1818,1.173
3/10/2017,1.1744,1.1733,1.1775,1.1696
4/10/2017,1.1759,1.1742,1.1789,1.1734
5/10/2017,1.1711,1.1758,1.178,1.1698
6/10/2017,1.1734,1.171,1.1739,1.1668
9/10/2017,1.174,1.1728,1.1757,1.1717
10/10/2017,1.1806,1.1738,1.1825,1.1738
11/10/2017,1.1859,1.1808,1.1871,1.1795
12/10/2017,1.1831,1.1862,1.1881,1.1827
13/10/2017,1.1823,1.1829,1.1875,1.1804
16/10/2017,1.1797,1.1825,1.1827,1.178
17/10/2017,1.1766,1.1797,1.1801,1.1734
18/10/2017,1.1787,1.1764,1.1806,1.173
19/10/2017,1.1852,1.1788,1.186,1.1768
20/10/2017,1.1785,1.1853,1.1859,1.1763
23/10/2017,1.1749,1.1773,1.1779,1.1725
24/10/2017,1.1761,1.1749,1.1794,1.1743
25/10/2017,1.1813,1.176,1.1819,1.1752
26/10/2017,1.165,1.1812,1.1837,1.1639
27/10/2017,1.161,1.165,1.1659,1.1575
30/10/2017,1.1651,1.1603,1.166,1.1594
31/10/2017,1.1646,1.1651,1.1663,1.1625
1/11/2017,1.1619,1.1646,1.1659,1.1607
2/11/2017,1.1658,1.1619,1.1689,1.1613
3/11/2017,1.1609,1.166,1.1692,1.1599
6/11/2017,1.161,1.1609,1.1625,1.1579
7/11/2017,1.1587,1.161,1.1618,1.1553
8/11/2017,1.1595,1.1587,1.1612,1.1578
9/11/2017,1.1642,1.1596,1.1657,1.1586
10/11/2017,1.1665,1.1642,1.168,1.1623
13/11/2017,1.1667,1.1666,1.1677,1.1638
14/11/2017,1.1798,1.1667,1.1807,1.166
15/11/2017,1.1792,1.1797,1.1861,1.1784
16/11/2017,1.177,1.1792,1.1802,1.1756
17/11/2017,1.1795,1.1771,1.1823,1.1766
20/11/2017,1.1732,1.1789,1.1808,1.1721
21/11/2017,1.1738,1.1732,1.1759,1.1713
22/11/2017,1.1822,1.1738,1.1829,1.1733
23/11/2017,1.1852,1.1822,1.1856,1.1812
24/11/2017,1.193,1.185,1.1944,1.1835
27/11/2017,1.1898,1.1933,1.1962,1.1896
28/11/2017,1.1841,1.1898,1.1921,1.1827
29/11/2017,1.1848,1.1841,1.1883,1.1816
30/11/2017,1.1904,1.1847,1.1933,1.1809
1/12/2017,1.1891,1.1904,1.1942,1.1851
4/12/2017,1.1866,1.1882,1.189,1.183
5/12/2017,1.1826,1.1866,1.1879,1.1801
6/12/2017,1.1796,1.1825,1.1849,1.178
7/12/2017,1.1773,1.1796,1.1816,1.1772
8/12/2017,1.1764,1.1772,1.1778,1.1729
11/12/2017,1.1768,1.1768,1.1812,1.1761
12/12/2017,1.1742,1.177,1.1794,1.1718
13/12/2017,1.1826,1.1743,1.1832,1.1729
14/12/2017,1.1778,1.1826,1.1863,1.177
15/12/2017,1.1754,1.1778,1.1814,1.1751
18/12/2017,1.1782,1.1753,1.1834,1.1737
19/12/2017,1.184,1.1782,1.1851,1.1777
20/12/2017,1.1871,1.184,1.1903,1.1829
21/12/2017,1.1873,1.1871,1.1889,1.1848
22/12/2017,1.1859,1.1874,1.1878,1.1817
25/12/2017,1.1869,1.185,1.1882,1.1842
26/12/2017,1.1859,1.1867,1.1879,1.1845
27/12/2017,1.1888,1.1859,1.1912,1.1855
28/12/2017,1.1943,1.1888,1.1961,1.1888
29/12/2017,1.1998,1.1943,1.203,1.1937
1/1/2018,1.201,1.2003,1.2014,1.1995
2/1/2018,1.2059,1.2013,1.2084,1.2003
3/1/2018,1.2014,1.2058,1.207,1.2001
4/1/2018,1.2068,1.2015,1.209,1.2004
5/1/2018,1.203,1.2068,1.2085,1.2021
8/1/2018,1.1967,1.2029,1.2054,1.1956
9/1/2018,1.1937,1.1967,1.1977,1.1916
10/1/2018,1.1947,1.1938,1.2019,1.1923
11/1/2018,1.2032,1.1946,1.206,1.1928
12/1/2018,1.2187,1.2033,1.219,1.2031
15/01/2018,1.2263,1.2198,1.2298,1.2188
16/01/2018,1.2261,1.2265,1.2284,1.2194
17/01/2018,1.2186,1.226,1.2324,1.2176
18/01/2018,1.2239,1.2186,1.2267,1.2165
19/01/2018,1.2222,1.2236,1.2296,1.2219
22/01/2018,1.2262,1.2268,1.2276,1.2214
23/01/2018,1.2299,1.2263,1.2308,1.2223
24/01/2018,1.2408,1.2299,1.2417,1.2293
25/01/2018,1.2396,1.2408,1.2537,1.2364
26/01/2018,1.2421,1.2395,1.2495,1.2371
29/01/2018,1.2383,1.2427,1.2436,1.2336
30/01/2018,1.2402,1.2383,1.2455,1.2335
31/01/2018,1.2421,1.2401,1.2476,1.2386
1/2/2018,1.251,1.2414,1.2524,1.2386
2/2/2018,1.2462,1.2508,1.2519,1.2409
5/2/2018,1.2368,1.2455,1.2475,1.2362
6/2/2018,1.2377,1.2367,1.2434,1.2314
7/2/2018,1.2264,1.2378,1.2407,1.2247
8/2/2018,1.2247,1.2264,1.2297,1.2212
9/2/2018,1.2235,1.2245,1.2289,1.2206
12/2/2018,1.2292,1.2253,1.2298,1.2234
13/02/2018,1.2352,1.2293,1.2373,1.2285
14/02/2018,1.245,1.2352,1.2467,1.2276
15/02/2018,1.2506,1.2449,1.2511,1.2447
16/02/2018,1.2406,1.2506,1.2557,1.2394
19/02/2018,1.2408,1.2409,1.2435,1.2368
20/02/2018,1.2338,1.2409,1.2414,1.232
21/02/2018,1.2284,1.2338,1.2361,1.2281
22/02/2018,1.2331,1.2283,1.2354,1.226
23/02/2018,1.2293,1.2329,1.2337,1.2279
26/02/2018,1.2318,1.2299,1.2356,1.2278
27/02/2018,1.2232,1.2317,1.2348,1.2221
28/02/2018,1.2194,1.2232,1.2243,1.2188
1/3/2018,1.2268,1.2193,1.2272,1.2153
2/3/2018,1.2317,1.2266,1.2336,1.225
5/3/2018,1.2336,1.2323,1.2366,1.2268
6/3/2018,1.2404,1.2336,1.2422,1.2328
7/3/2018,1.2413,1.2404,1.2445,1.2385
8/3/2018,1.2312,1.2411,1.2448,1.2298
9/3/2018,1.2307,1.2312,1.2336,1.2273
12/3/2018,1.2334,1.2311,1.2347,1.2291
13/03/2018,1.239,1.2334,1.2408,1.2314
14/03/2018,1.2367,1.239,1.2414,1.2347
15/03/2018,1.2305,1.2366,1.2385,1.2299
16/03/2018,1.2289,1.2305,1.2338,1.2261
19/03/2018,1.2335,1.2284,1.2361,1.2258
20/03/2018,1.2242,1.2335,1.2356,1.2239
21/03/2018,1.2338,1.2242,1.2351,1.2241
22/03/2018,1.2302,1.2337,1.2389,1.2285
23/03/2018,1.2353,1.2302,1.2375,1.2301
26/03/2018,1.2443,1.2348,1.2463,1.2341
27/03/2018,1.2403,1.2444,1.2478,1.2373
28/03/2018,1.2308,1.2403,1.2424,1.23
29/03/2018,1.2302,1.2308,1.2335,1.2282
30/03/2018,1.2323,1.2301,1.2331,1.2293
2/4/2018,1.2302,1.2323,1.2346,1.2282
3/4/2018,1.227,1.2304,1.2336,1.2253
4/4/2018,1.2278,1.2269,1.2315,1.2256
5/4/2018,1.224,1.2278,1.2292,1.2218
6/4/2018,1.2283,1.224,1.2292,1.2214
9/4/2018,1.2321,1.2279,1.2331,1.2261
10/4/2018,1.2356,1.232,1.2379,1.2303
11/4/2018,1.2367,1.2357,1.2397,1.2347
12/4/2018,1.2327,1.2368,1.2382,1.23
13/04/2018,1.2331,1.2327,1.2348,1.2307
16/04/2018,1.238,1.233,1.2395,1.2325
17/04/2018,1.237,1.2378,1.2413,1.2335
18/04/2018,1.2373,1.2369,1.2398,1.2343
19/04/2018,1.2346,1.2373,1.2402,1.2329
20/04/2018,1.2288,1.2346,1.2354,1.225
23/04/2018,1.2209,1.2289,1.2292,1.2198
24/04/2018,1.2232,1.2209,1.2247,1.2182
25/04/2018,1.2161,1.2232,1.224,1.216
26/04/2018,1.2103,1.2161,1.2211,1.2096
27/04/2018,1.213,1.2105,1.2135,1.2055
30/04/2018,1.2079,1.2125,1.2141,1.2064
1/5/2018,1.1993,1.2076,1.2086,1.1981
2/5/2018,1.1951,1.1992,1.2033,1.1938
3/5/2018,1.1988,1.1951,1.2009,1.1946
4/5/2018,1.196,1.1989,1.1997,1.1911
7/5/2018,1.1922,1.1953,1.198,1.1898
8/5/2018,1.1864,1.1924,1.1941,1.1838
9/5/2018,1.185,1.1863,1.1898,1.1822
10/5/2018,1.1915,1.1852,1.1948,1.1843
11/5/2018,1.1944,1.1917,1.197,1.1891
14/05/2018,1.1927,1.1947,1.1998,1.1926
15/05/2018,1.1838,1.1925,1.1939,1.1817
16/05/2018,1.1807,1.1837,1.1854,1.1762
17/05/2018,1.1795,1.1808,1.1839,1.1775
18/05/2018,1.1778,1.1796,1.1825,1.1749
21/05/2018,1.1791,1.1764,1.1797,1.1717
22/05/2018,1.1779,1.1792,1.183,1.1754
23/05/2018,1.1697,1.1778,1.179,1.1675
24/05/2018,1.172,1.1695,1.175,1.1688
25/05/2018,1.1652,1.172,1.1735,1.1645
28/05/2018,1.1623,1.1651,1.1729,1.1605
29/05/2018,1.154,1.1625,1.1641,1.1508
30/05/2018,1.1663,1.154,1.1678,1.1518
31/05/2018,1.1692,1.1665,1.1726,1.1641
1/6/2018,1.1661,1.1691,1.1718,1.1617
4/6/2018,1.1699,1.1656,1.1744,1.1652
5/6/2018,1.1718,1.1698,1.1733,1.1652
6/6/2018,1.1773,1.1717,1.1797,1.1708
7/6/2018,1.1799,1.1774,1.1842,1.1772
8/6/2018,1.1768,1.18,1.1812,1.1726
11/6/2018,1.1784,1.1766,1.1822,1.1754
12/6/2018,1.1745,1.1784,1.1811,1.1733
13/06/2018,1.1791,1.1745,1.1803,1.1725
14/06/2018,1.1569,1.1791,1.1853,1.1562
15/06/2018,1.1609,1.1568,1.1629,1.1543
18/06/2018,1.1623,1.1609,1.1625,1.1563
19/06/2018,1.159,1.1624,1.1646,1.153
20/06/2018,1.1572,1.159,1.1602,1.1537
21/06/2018,1.1603,1.1572,1.1635,1.1509
22/06/2018,1.1657,1.1604,1.1677,1.16
25/06/2018,1.1704,1.1659,1.1715,1.1627
26/06/2018,1.1647,1.1704,1.1722,1.1635
27/06/2018,1.1554,1.1647,1.1674,1.1541
28/06/2018,1.1569,1.1555,1.1602,1.1527
29/06/2018,1.1685,1.1569,1.1692,1.1558
2/7/2018,1.1641,1.1651,1.1699,1.159
3/7/2018,1.1657,1.1641,1.1675,1.1621
4/7/2018,1.1656,1.1658,1.1684,1.1629
5/7/2018,1.1691,1.1655,1.1722,1.1649
6/7/2018,1.1747,1.169,1.1769,1.1679
9/7/2018,1.1751,1.1748,1.1792,1.1731
10/7/2018,1.1744,1.1751,1.1764,1.169
11/7/2018,1.1674,1.1745,1.176,1.1665
12/7/2018,1.1672,1.1674,1.1697,1.1648
13/07/2018,1.1685,1.1669,1.1688,1.161
16/07/2018,1.171,1.1676,1.1726,1.1674
17/07/2018,1.1661,1.1711,1.1746,1.165
18/07/2018,1.1639,1.166,1.1665,1.1601
19/07/2018,1.1643,1.1639,1.168,1.1574
20/07/2018,1.172,1.1644,1.174,1.1626
23/07/2018,1.1692,1.173,1.1752,1.1682
24/07/2018,1.1686,1.1692,1.1719,1.1654
25/07/2018,1.1728,1.1684,1.1739,1.1663
26/07/2018,1.1643,1.1728,1.1744,1.1639
27/07/2018,1.1658,1.1643,1.1665,1.1621
30/07/2018,1.1706,1.166,1.1721,1.1648
31/07/2018,1.1691,1.1706,1.1745,1.1682
1/8/2018,1.166,1.1691,1.1701,1.1656
2/8/2018,1.1584,1.166,1.1669,1.1582
3/8/2018,1.1567,1.1583,1.1611,1.1559
6/8/2018,1.1554,1.1571,1.1574,1.1527
7/8/2018,1.1599,1.1555,1.161,1.1547
8/8/2018,1.1611,1.1598,1.1629,1.1571
9/8/2018,1.1527,1.1609,1.162,1.1525
10/8/2018,1.1411,1.1526,1.1537,1.1384
13/08/2018,1.1409,1.1389,1.1434,1.1364
14/08/2018,1.1344,1.141,1.1431,1.133
15/08/2018,1.1345,1.1344,1.1357,1.1299
16/08/2018,1.1377,1.1345,1.1411,1.1335
17/08/2018,1.1439,1.1377,1.1447,1.1365
20/08/2018,1.1481,1.1442,1.1486,1.1394
21/08/2018,1.1571,1.1482,1.1602,1.1479
22/08/2018,1.1597,1.157,1.1624,1.1551
23/08/2018,1.1539,1.1596,1.1601,1.153
24/08/2018,1.1623,1.154,1.1641,1.1533
27/08/2018,1.1678,1.1631,1.1694,1.1592
28/08/2018,1.1695,1.1678,1.1735,1.1662
29/08/2018,1.1708,1.1695,1.1712,1.1652
30/08/2018,1.1671,1.1707,1.172,1.1641
31/08/2018,1.1601,1.1671,1.1692,1.1585
3/9/2018,1.1624,1.1596,1.1629,1.1583
4/9/2018,1.1582,1.1623,1.1629,1.1528
5/9/2018,1.1629,1.1581,1.164,1.1542
6/9/2018,1.1622,1.1629,1.166,1.1603
7/9/2018,1.1553,1.1624,1.1651,1.155
10/9/2018,1.1594,1.156,1.1617,1.1526
11/9/2018,1.1607,1.1594,1.1645,1.1565
12/9/2018,1.1626,1.1604,1.1651,1.157
13/09/2018,1.169,1.1627,1.1703,1.1608
14/09/2018,1.163,1.169,1.1724,1.1619
17/09/2018,1.1683,1.1623,1.1699,1.1617
18/09/2018,1.1667,1.1684,1.1726,1.1651
19/09/2018,1.1673,1.1667,1.1716,1.1648
20/09/2018,1.1777,1.1671,1.1786,1.1665
21/09/2018,1.175,1.1776,1.1804,1.1731
24/09/2018,1.1748,1.1751,1.1817,1.1723
25/09/2018,1.1772,1.1748,1.1793,1.173
26/09/2018,1.174,1.1767,1.1799,1.1726
27/09/2018,1.1641,1.174,1.1759,1.1637
28/09/2018,1.1609,1.1641,1.1652,1.1567
1/10/2018,1.1578,1.1609,1.163,1.1563
2/10/2018,1.1548,1.1578,1.1582,1.1506
3/10/2018,1.1478,1.1548,1.1595,1.1465
4/10/2018,1.1515,1.1478,1.1543,1.1464
5/10/2018,1.1524,1.1513,1.155,1.1483
8/10/2018,1.1492,1.152,1.1536,1.1459
9/10/2018,1.149,1.1491,1.1504,1.143
10/10/2018,1.152,1.1491,1.1547,1.1479
11/10/2018,1.1594,1.1519,1.16,1.1517
12/10/2018,1.1563,1.1592,1.1611,1.1534
15/10/2018,1.1579,1.1559,1.1608,1.1537
16/10/2018,1.1575,1.158,1.1623,1.1564
17/10/2018,1.1501,1.1575,1.1585,1.1495
18/10/2018,1.1453,1.15,1.1528,1.1448
19/10/2018,1.1515,1.1451,1.1536,1.1433
22/10/2018,1.1465,1.1507,1.1552,1.1455
23/10/2018,1.1471,1.1466,1.1495,1.1438
24/10/2018,1.1392,1.147,1.1477,1.1378
25/10/2018,1.1376,1.1392,1.1434,1.1355
26/10/2018,1.1403,1.1376,1.1422,1.1334
29/10/2018,1.1373,1.1408,1.1418,1.1361
30/10/2018,1.1344,1.1372,1.1387,1.1338
31/10/2018,1.1312,1.1345,1.1363,1.1301
1/11/2018,1.1409,1.1311,1.1426,1.1306
2/11/2018,1.1387,1.1408,1.1458,1.1372
5/11/2018,1.1407,1.1391,1.1425,1.1356
6/11/2018,1.1427,1.1406,1.144,1.1389
7/11/2018,1.1426,1.1427,1.1502,1.1395
8/11/2018,1.1363,1.1425,1.1448,1.1352
9/11/2018,1.1336,1.1364,1.1371,1.1315
12/11/2018,1.1218,1.1331,1.1333,1.1214
13/11/2018,1.1291,1.1219,1.1296,1.1216
14/11/2018,1.131,1.129,1.1349,1.1262
15/11/2018,1.1328,1.1309,1.1364,1.1271
16/11/2018,1.142,1.133,1.1423,1.132
19/11/2018,1.1453,1.1403,1.1467,1.1393
20/11/2018,1.1371,1.1453,1.1473,1.1357
21/11/2018,1.1385,1.1371,1.1426,1.1363
22/11/2018,1.1408,1.1382,1.1434,1.1378
23/11/2018,1.1341,1.1403,1.1422,1.1325
26/11/2018,1.1328,1.1343,1.1385,1.1323
27/11/2018,1.1288,1.1326,1.1344,1.1276
28/11/2018,1.1366,1.1291,1.1387,1.1264
29/11/2018,1.1393,1.1367,1.1403,1.1348
30/11/2018,1.1317,1.1395,1.1402,1.1304
3/12/2018,1.1354,1.1315,1.1382,1.1315
4/12/2018,1.1345,1.1354,1.1421,1.1318
5/12/2018,1.1344,1.1342,1.1361,1.1309
6/12/2018,1.1376,1.1345,1.1414,1.1321
7/12/2018,1.1378,1.1377,1.1425,1.1359
10/12/2018,1.1356,1.1401,1.1444,1.1349
11/12/2018,1.1316,1.1361,1.1402,1.1304
12/12/2018,1.1368,1.1317,1.1388,1.1312
13/12/2018,1.1363,1.1369,1.1396,1.133
14/12/2018,1.1309,1.1362,1.1374,1.1268
17/12/2018,1.1347,1.1308,1.136,1.1299
18/12/2018,1.1361,1.1346,1.1402,1.1336
19/12/2018,1.1377,1.1361,1.1442,1.136
20/12/2018,1.1446,1.1377,1.1487,1.1371
21/12/2018,1.1369,1.1447,1.1477,1.1353
24/12/2018,1.14,1.137,1.1439,1.135
25/12/2018,1.1362,1.14,1.1429,1.1361
26/12/2018,1.1353,1.1363,1.1423,1.1342
27/12/2018,1.143,1.1353,1.1457,1.1349
28/12/2018,1.1438,1.1429,1.1478,1.1424
31/12/2018,1.147,1.1443,1.147,1.1421
1/1/2019,1.1464,1.1466,1.1481,1.1425
2/1/2019,1.1343,1.1464,1.1499,1.1325
3/1/2019,1.1394,1.1345,1.1413,1.1309
4/1/2019,1.1395,1.1393,1.1422,1.1345
7/1/2019,1.1476,1.1392,1.1485,1.1392
8/1/2019,1.1442,1.1476,1.1487,1.1422
9/1/2019,1.1543,1.1444,1.1556,1.1435
10/1/2019,1.15,1.1542,1.1572,1.1485
11/1/2019,1.1469,1.1499,1.1542,1.1457
14/01/2019,1.1477,1.1471,1.1485,1.144
15/01/2019,1.1417,1.1473,1.1494,1.1381
16/01/2019,1.14,1.1414,1.1429,1.1377
17/01/2019,1.1398,1.1396,1.141,1.1369
18/01/2019,1.1363,1.1389,1.1413,1.1352
21/01/2019,1.1366,1.1371,1.1409,1.1355
22/01/2019,1.1359,1.1365,1.1386,1.1334
23/01/2019,1.1381,1.1358,1.1397,1.1348
24/01/2019,1.1306,1.138,1.1398,1.1287
25/01/2019,1.1415,1.1306,1.1421,1.1298
28/01/2019,1.1434,1.1404,1.1445,1.1388
29/01/2019,1.1432,1.1428,1.1453,1.141
30/01/2019,1.1479,1.1433,1.1503,1.1404
31/01/2019,1.1446,1.148,1.1517,1.1434
1/2/2019,1.1456,1.1447,1.149,1.1433
4/2/2019,1.1438,1.1457,1.1467,1.1421
5/2/2019,1.1415,1.1442,1.1456,1.14
6/2/2019,1.1362,1.1406,1.142,1.1359
7/2/2019,1.1341,1.136,1.1375,1.1322
8/2/2019,1.133,1.1346,1.1355,1.132
11/2/2019,1.1276,1.1328,1.1331,1.1264
12/2/2019,1.1325,1.128,1.1342,1.1256
13/02/2019,1.1267,1.1326,1.1346,1.126
14/02/2019,1.1301,1.1262,1.1313,1.1247
15/02/2019,1.1295,1.1295,1.1313,1.1233
18/02/2019,1.1311,1.1288,1.1337,1.1284
19/02/2019,1.1341,1.131,1.1358,1.1274
20/02/2019,1.1337,1.1342,1.1374,1.1324
21/02/2019,1.1336,1.1338,1.1368,1.132
22/02/2019,1.1343,1.1337,1.136,1.1315
25/02/2019,1.1359,1.1338,1.1369,1.1323
26/02/2019,1.1387,1.1366,1.1404,1.1343
27/02/2019,1.1369,1.1396,1.1404,1.136
28/02/2019,1.1371,1.1371,1.1421,1.1357
1/3/2019,1.1377,1.1372,1.141,1.1353
4/3/2019,1.134,1.138,1.1398,1.1309
5/3/2019,1.1308,1.1339,1.1353,1.129
6/3/2019,1.1307,1.1313,1.1328,1.1286
7/3/2019,1.1194,1.1306,1.1322,1.1176
8/3/2019,1.124,1.1194,1.1248,1.1185
11/3/2019,1.1247,1.1238,1.1259,1.1221
12/3/2019,1.1286,1.125,1.1308,1.1243
13/03/2019,1.1325,1.1287,1.1341,1.1277
14/03/2019,1.1302,1.1329,1.1342,1.1293
15/03/2019,1.1325,1.1305,1.1346,1.1296
18/03/2019,1.1336,1.1323,1.136,1.1317
19/03/2019,1.1349,1.1337,1.1364,1.1332
20/03/2019,1.1411,1.1351,1.145,1.1335
21/03/2019,1.1373,1.1414,1.1439,1.1342
22/03/2019,1.1313,1.1375,1.1394,1.1272
25/03/2019,1.1311,1.1294,1.1333,1.1284
26/03/2019,1.1264,1.1313,1.1329,1.1262
27/03/2019,1.1247,1.1269,1.1287,1.1242
28/03/2019,1.122,1.1244,1.1264,1.1213
29/03/2019,1.1217,1.1221,1.1249,1.1208
1/4/2019,1.1212,1.1218,1.125,1.1202
2/4/2019,1.1202,1.1216,1.1219,1.1183
3/4/2019,1.1234,1.1205,1.1256,1.12
4/4/2019,1.122,1.1235,1.125,1.1205
5/4/2019,1.1214,1.1223,1.1247,1.1209
8/4/2019,1.1259,1.1218,1.1277,1.1213
9/4/2019,1.1261,1.1272,1.1286,1.1253
10/4/2019,1.1273,1.1264,1.1288,1.1229
11/4/2019,1.125,1.1273,1.1291,1.1249
12/4/2019,1.13,1.1254,1.1327,1.1252
15/04/2019,1.1307,1.13,1.1322,1.1294
16/04/2019,1.128,1.1303,1.1315,1.1279
17/04/2019,1.1294,1.1281,1.1326,1.1279
18/04/2019,1.1229,1.1297,1.1307,1.1226
19/04/2019,1.1246,1.1241,1.1254,1.1228
22/04/2019,1.1255,1.1244,1.1264,1.1236
23/04/2019,1.1225,1.1257,1.1264,1.1192
24/04/2019,1.1152,1.1229,1.1233,1.114
25/04/2019,1.113,1.1161,1.1164,1.1118
26/04/2019,1.1148,1.1131,1.1176,1.1111
29/04/2019,1.1185,1.1152,1.1192,1.1141
30/04/2019,1.1215,1.1186,1.1231,1.1175
1/5/2019,1.1194,1.1215,1.1266,1.1187
2/5/2019,1.1176,1.1202,1.1221,1.117
3/5/2019,1.12,1.1178,1.1207,1.1135
6/5/2019,1.1197,1.1172,1.1211,1.1159
7/5/2019,1.119,1.1199,1.1222,1.1165
8/5/2019,1.1191,1.1191,1.1215,1.1182
9/5/2019,1.122,1.1192,1.1253,1.1172
10/5/2019,1.1233,1.1215,1.1255,1.1214
13/05/2019,1.1223,1.1242,1.1266,1.1221
14/05/2019,1.1203,1.1224,1.1247,1.12
15/05/2019,1.12,1.1204,1.1226,1.1177
16/05/2019,1.1172,1.1202,1.1227,1.1165
17/05/2019,1.1156,1.1174,1.1185,1.1154
20/05/2019,1.117,1.1158,1.1177,1.1149
21/05/2019,1.1158,1.1171,1.1188,1.1141
22/05/2019,1.1152,1.1167,1.1181,1.1147
23/05/2019,1.118,1.1151,1.1189,1.1107
24/05/2019,1.1202,1.1182,1.1214,1.1174
27/05/2019,1.1196,1.1196,1.1216,1.1185
28/05/2019,1.116,1.1199,1.1204,1.1158
29/05/2019,1.1129,1.1161,1.1174,1.1123
30/05/2019,1.113,1.1132,1.1145,1.1115
31/05/2019,1.1167,1.1135,1.118,1.1125
3/6/2019,1.124,1.1168,1.1264,1.1156
4/6/2019,1.1251,1.1241,1.1279,1.1226
5/6/2019,1.1219,1.1251,1.1307,1.1219
6/6/2019,1.1274,1.1229,1.1309,1.1214
7/6/2019,1.1331,1.1276,1.1349,1.125
10/6/2019,1.1312,1.1324,1.1331,1.1289
11/6/2019,1.1329,1.1312,1.1338,1.1301
12/6/2019,1.1287,1.1326,1.1344,1.1281
13/06/2019,1.1275,1.1287,1.1305,1.1267
14/06/2019,1.1207,1.1283,1.1291,1.1201
17/06/2019,1.1217,1.1216,1.1248,1.1204
18/06/2019,1.1191,1.1219,1.1243,1.118
19/06/2019,1.1224,1.1193,1.1254,1.1186
20/06/2019,1.1291,1.1226,1.1319,1.1226
21/06/2019,1.1366,1.1292,1.1379,1.1282
24/06/2019,1.1396,1.1361,1.1405,1.1361
25/06/2019,1.1365,1.1399,1.1413,1.1343
26/06/2019,1.1368,1.1365,1.1392,1.1348
27/06/2019,1.1368,1.1369,1.1382,1.1348
28/06/2019,1.1368,1.137,1.1394,1.1351
1/7/2019,1.1285,1.1376,1.1376,1.128
2/7/2019,1.1283,1.1286,1.1321,1.1274
3/7/2019,1.1277,1.1285,1.1312,1.1268
4/7/2019,1.1284,1.1278,1.1296,1.1272
5/7/2019,1.1224,1.1285,1.1288,1.1207
8/7/2019,1.1214,1.1223,1.1235,1.1207
9/7/2019,1.1206,1.1215,1.122,1.1193
10/7/2019,1.1249,1.1208,1.1264,1.1201
11/7/2019,1.1252,1.1251,1.1286,1.1244
12/7/2019,1.1269,1.1254,1.1276,1.1237
15/07/2019,1.1257,1.1269,1.1285,1.1252
16/07/2019,1.1209,1.1257,1.1264,1.1201
17/07/2019,1.1223,1.1211,1.1235,1.12
18/07/2019,1.1275,1.1224,1.1281,1.1205
19/07/2019,1.122,1.1277,1.1283,1.1203
22/07/2019,1.1208,1.1218,1.1226,1.1206
23/07/2019,1.1151,1.121,1.1211,1.1145
24/07/2019,1.1139,1.1152,1.1159,1.1127
25/07/2019,1.1145,1.1141,1.1188,1.1101
26/07/2019,1.1125,1.1147,1.1151,1.1112
29/07/2019,1.1144,1.1127,1.1151,1.1113
30/07/2019,1.1153,1.1144,1.1162,1.1132
31/07/2019,1.1074,1.1155,1.1163,1.1059
1/8/2019,1.1083,1.1076,1.1096,1.1027
2/8/2019,1.1107,1.1085,1.1118,1.107
5/8/2019,1.1202,1.1103,1.1214,1.1103
6/8/2019,1.1198,1.1203,1.125,1.1168
7/8/2019,1.1197,1.1199,1.1243,1.1179
8/8/2019,1.1178,1.1199,1.1233,1.1177
9/8/2019,1.1198,1.118,1.1223,1.1179
12/8/2019,1.1212,1.1204,1.1231,1.1162
13/08/2019,1.1169,1.1214,1.1229,1.117
14/08/2019,1.1138,1.1171,1.1192,1.113
15/08/2019,1.1106,1.1139,1.1159,1.1091
16/08/2019,1.1089,1.1107,1.1114,1.1066
19/08/2019,1.1076,1.1092,1.1114,1.1076
20/08/2019,1.1099,1.1079,1.1107,1.1065
21/08/2019,1.1083,1.11,1.1108,1.108
22/08/2019,1.1078,1.1085,1.1114,1.1063
23/08/2019,1.1144,1.1079,1.1154,1.1051
26/08/2019,1.11,1.1145,1.1166,1.1093
27/08/2019,1.109,1.1103,1.1116,1.1085
28/08/2019,1.1077,1.1091,1.1099,1.1072
29/08/2019,1.1055,1.1077,1.1092,1.1042
30/08/2019,1.0989,1.1056,1.1062,1.0963
2/9/2019,1.0966,1.0989,1.1,1.0957
3/9/2019,1.0972,1.097,1.0979,1.0926
4/9/2019,1.1033,1.0974,1.1039,1.0968
5/9/2019,1.1033,1.1037,1.1085,1.1016
6/9/2019,1.1027,1.1034,1.1057,1.102
9/9/2019,1.1046,1.1024,1.1069,1.1015
10/9/2019,1.1043,1.1047,1.1061,1.103
11/9/2019,1.1009,1.1044,1.1056,1.0984
12/9/2019,1.1061,1.1011,1.1087,1.0927
13/09/2019,1.1073,1.1063,1.111,1.1055
16/09/2019,1.1,1.1087,1.1093,1.0993
17/09/2019,1.1071,1.1,1.1076,1.099
18/09/2019,1.1029,1.1073,1.1077,1.1013
19/09/2019,1.104,1.103,1.1075,1.1022
20/09/2019,1.1017,1.1042,1.1069,1.0996
23/09/2019,1.0991,1.1016,1.1027,1.0965
24/09/2019,1.1018,1.0994,1.1025,1.0983
25/09/2019,1.0941,1.102,1.1025,1.0937
26/09/2019,1.0921,1.0942,1.0969,1.0908
27/09/2019,1.0938,1.0921,1.096,1.0905
30/09/2019,1.0898,1.094,1.0948,1.0884
1/10/2019,1.093,1.09,1.0943,1.0878
2/10/2019,1.0958,1.0933,1.0964,1.0904
3/10/2019,1.0964,1.0959,1.1,1.0941
4/10/2019,1.0976,1.0963,1.0999,1.0956
7/10/2019,1.097,1.0976,1.1001,1.0962
8/10/2019,1.0954,1.0971,1.0997,1.0941
9/10/2019,1.0969,1.0956,1.0991,1.0951
10/10/2019,1.1004,1.0971,1.1035,1.097
11/10/2019,1.104,1.1006,1.1063,1.1
14/10/2019,1.1028,1.1044,1.105,1.1013
15/10/2019,1.1031,1.1028,1.1047,1.0991
16/10/2019,1.107,1.1033,1.1086,1.1021
17/10/2019,1.1122,1.1072,1.1141,1.1064
18/10/2019,1.1169,1.1125,1.1173,1.1114
21/10/2019,1.1148,1.1143,1.118,1.1137
22/10/2019,1.1124,1.115,1.1158,1.1118
23/10/2019,1.1129,1.1125,1.1141,1.1106
24/10/2019,1.1104,1.1131,1.1164,1.1092
25/10/2019,1.1078,1.1104,1.1123,1.1072
28/10/2019,1.1098,1.1082,1.1108,1.1076
29/10/2019,1.111,1.1099,1.112,1.1073
30/10/2019,1.1148,1.1112,1.1152,1.1079
31/10/2019,1.115,1.1151,1.1176,1.113
1/11/2019,1.1165,1.1152,1.1172,1.1128
4/11/2019,1.1126,1.1165,1.1176,1.1124
5/11/2019,1.1074,1.1128,1.1141,1.1063
6/11/2019,1.1065,1.1075,1.1094,1.1064
7/11/2019,1.1049,1.1066,1.1092,1.1035
8/11/2019,1.1016,1.105,1.1056,1.1016
11/11/2019,1.1032,1.1022,1.1044,1.1016
12/11/2019,1.1007,1.1033,1.104,1.1002
13/11/2019,1.1006,1.101,1.1021,1.0994
14/11/2019,1.1021,1.1006,1.1028,1.0989
15/11/2019,1.105,1.1021,1.1058,1.1014
18/11/2019,1.107,1.1052,1.1091,1.1048
19/11/2019,1.1078,1.1072,1.1085,1.1062
20/11/2019,1.1072,1.1078,1.1083,1.1053
21/11/2019,1.1057,1.1074,1.1098,1.1051
22/11/2019,1.1022,1.1058,1.1086,1.1014
25/11/2019,1.1013,1.1024,1.1033,1.1004
26/11/2019,1.1018,1.1014,1.1027,1.1006
27/11/2019,1.0998,1.102,1.1026,1.0991
28/11/2019,1.1007,1.0999,1.1019,1.0999
29/11/2019,1.1015,1.1008,1.1029,1.098
2/12/2019,1.1077,1.1014,1.109,1.1003
3/12/2019,1.1081,1.1078,1.1094,1.1065
4/12/2019,1.1076,1.1082,1.1116,1.1066
5/12/2019,1.1102,1.1079,1.1109,1.1077
6/12/2019,1.1057,1.1105,1.1111,1.104
9/12/2019,1.1062,1.1055,1.1079,1.1052
10/12/2019,1.1092,1.1063,1.1099,1.1062
11/12/2019,1.1128,1.1092,1.1145,1.107
12/12/2019,1.1128,1.113,1.1155,1.1102
13/12/2019,1.1119,1.1129,1.12,1.1111
16/12/2019,1.1142,1.1122,1.1159,1.1122
17/12/2019,1.1149,1.1143,1.1176,1.1128
18/12/2019,1.1111,1.115,1.1156,1.111
19/12/2019,1.112,1.1113,1.1145,1.1107
20/12/2019,1.1078,1.1122,1.1127,1.1065
23/12/2019,1.1086,1.1081,1.1097,1.1069
24/12/2019,1.1087,1.1089,1.1095,1.1069
25/12/2019,1.109,1.1089,1.1107,1.1073
26/12/2019,1.1096,1.1091,1.111,1.1082
27/12/2019,1.1175,1.1097,1.1188,1.1095
30/12/2019,1.1197,1.1175,1.1223,1.117
31/12/2019,1.121,1.1198,1.124,1.1198
1/1/2020,1.121,1.1213,1.1223,1.1205
2/1/2020,1.117,1.1212,1.1227,1.1163
3/1/2020,1.1158,1.1172,1.1181,1.1125
6/1/2020,1.1193,1.1168,1.1207,1.1155
7/1/2020,1.1151,1.1198,1.1198,1.1133
8/1/2020,1.1103,1.1154,1.1169,1.1101
9/1/2020,1.1105,1.1106,1.1121,1.1092
10/1/2020,1.112,1.1106,1.113,1.1085
13/01/2020,1.1133,1.1125,1.1148,1.1112
14/01/2020,1.1127,1.1135,1.1145,1.1104
15/01/2020,1.1149,1.113,1.1164,1.1118
16/01/2020,1.1135,1.1151,1.1173,1.1128
17/01/2020,1.1088,1.1136,1.1143,1.1085
20/01/2020,1.1094,1.1092,1.1104,1.1076
21/01/2020,1.1082,1.1095,1.1119,1.108
22/01/2020,1.1091,1.1084,1.1099,1.107
23/01/2020,1.1052,1.1092,1.1109,1.1036
24/01/2020,1.1023,1.1055,1.1063,1.102
27/01/2020,1.1016,1.1021,1.1039,1.1009
28/01/2020,1.102,1.1019,1.1026,1.0998
29/01/2020,1.1009,1.1022,1.1028,1.0991
30/01/2020,1.103,1.101,1.104,1.1006
31/01/2020,1.1093,1.1032,1.1097,1.1016
3/2/2020,1.1058,1.1092,1.1096,1.1035
4/2/2020,1.1042,1.1059,1.1065,1.1033
5/2/2020,1.0997,1.1044,1.1049,1.0993
6/2/2020,1.098,1.0999,1.1014,1.0964
7/2/2020,1.0943,1.0983,1.0986,1.0941
10/2/2020,1.0909,1.0951,1.0958,1.0907
11/2/2020,1.0914,1.0911,1.0926,1.0891
12/2/2020,1.0871,1.0916,1.0927,1.0864
13/02/2020,1.084,1.0874,1.089,1.0833
14/02/2020,1.083,1.0841,1.0862,1.0827
17/02/2020,1.0834,1.0832,1.0852,1.0821
18/02/2020,1.0791,1.0838,1.0839,1.0785
19/02/2020,1.0804,1.0791,1.0812,1.0782
20/02/2020,1.0783,1.0806,1.0821,1.0776
21/02/2020,1.0843,1.0785,1.0864,1.0783
24/02/2020,1.0852,1.0841,1.0872,1.0805
25/02/2020,1.0879,1.0854,1.0891,1.0829
26/02/2020,1.0879,1.0881,1.091,1.0855
27/02/2020,1.0998,1.0881,1.1006,1.0878
28/02/2020,1.1025,1.1001,1.1054,1.095
2/3/2020,1.1132,1.1003,1.1186,1.1003
3/3/2020,1.1171,1.1133,1.1214,1.1095
4/3/2020,1.1134,1.1172,1.1187,1.1094
5/3/2020,1.1239,1.1136,1.1245,1.1119
6/3/2020,1.1285,1.1238,1.1356,1.1212
9/3/2020,1.1447,1.1292,1.1494,1.1284
10/3/2020,1.1279,1.1446,1.1459,1.1274
11/3/2020,1.1267,1.128,1.1367,1.1257
12/3/2020,1.1183,1.1269,1.1334,1.1055
13/03/2020,1.1105,1.1185,1.1222,1.1054
16/03/2020,1.1181,1.1085,1.1237,1.1046
17/03/2020,1.0996,1.1183,1.119,1.0955
18/03/2020,1.0913,1.0997,1.1046,1.0802
19/03/2020,1.069,1.0915,1.0982,1.0654
20/03/2020,1.0694,1.0691,1.0832,1.0637
23/03/2020,1.0721,1.0696,1.0828,1.0637
24/03/2020,1.0787,1.0726,1.0889,1.0722
25/03/2020,1.088,1.0789,1.0895,1.0761
26/03/2020,1.1028,1.0881,1.1059,1.0869
27/03/2020,1.114,1.103,1.1148,1.0953
30/03/2020,1.1046,1.1136,1.1145,1.101
31/03/2020,1.1029,1.1049,1.1056,1.0926
1/4/2020,1.0962,1.1031,1.104,1.0903
2/4/2020,1.0856,1.0964,1.097,1.082
3/4/2020,1.0808,1.0858,1.0865,1.0773
6/4/2020,1.0791,1.0813,1.0835,1.0768
7/4/2020,1.0889,1.0793,1.0926,1.0783
8/4/2020,1.0856,1.0891,1.0904,1.0829
9/4/2020,1.0927,1.0857,1.0953,1.0841
10/4/2020,1.0935,1.093,1.0953,1.0919
13/04/2020,1.0913,1.0941,1.0969,1.0892
14/04/2020,1.0979,1.0914,1.0988,1.0904
15/04/2020,1.0907,1.098,1.0991,1.0856
16/04/2020,1.0835,1.0911,1.0913,1.0817
17/04/2020,1.0876,1.0835,1.0893,1.0812
20/04/2020,1.0862,1.0875,1.0898,1.0841
21/04/2020,1.0856,1.0862,1.0882,1.0816
22/04/2020,1.0822,1.0857,1.0886,1.0802
23/04/2020,1.0776,1.0824,1.0848,1.0755
24/04/2020,1.082,1.0778,1.0831,1.0726
27/04/2020,1.0828,1.0809,1.0862,1.0808
28/04/2020,1.0818,1.0829,1.089,1.081
29/04/2020,1.0873,1.0819,1.0886,1.0818
30/04/2020,1.0955,1.0872,1.0973,1.0833
1/5/2020,1.0983,1.0956,1.1019,1.0934
4/5/2020,1.0906,1.098,1.098,1.0895
5/5/2020,1.0838,1.0907,1.0927,1.0826
6/5/2020,1.0794,1.0836,1.0848,1.0782
7/5/2020,1.0832,1.0795,1.0835,1.0766
8/5/2020,1.084,1.0833,1.0876,1.0814
11/5/2020,1.0806,1.0838,1.0851,1.08
12/5/2020,1.0846,1.0807,1.0885,1.0784
13/05/2020,1.0816,1.0848,1.0897,1.0811
14/05/2020,1.0804,1.0819,1.0826,1.0775
15/05/2020,1.0815,1.0805,1.0851,1.0789
18/05/2020,1.0912,1.0816,1.0927,1.0799
19/05/2020,1.0921,1.0913,1.0977,1.0901
20/05/2020,1.0977,1.0928,1.1,1.0918
21/05/2020,1.0949,1.0979,1.101,1.0936
22/05/2020,1.09,1.0949,1.0961,1.0885
25/05/2020,1.0899,1.0903,1.0915,1.087
26/05/2020,1.098,1.0899,1.0997,1.0891
27/05/2020,1.1003,1.0983,1.1032,1.0934
28/05/2020,1.1076,1.1005,1.1094,1.0991
29/05/2020,1.1098,1.1078,1.1146,1.107
1/6/2020,1.1134,1.1097,1.1155,1.1095
2/6/2020,1.1169,1.1137,1.1197,1.1114
3/6/2020,1.1232,1.1172,1.1257,1.1166
4/6/2020,1.1336,1.1234,1.1363,1.1194
5/6/2020,1.1284,1.1337,1.1385,1.1278
8/6/2020,1.1292,1.1289,1.1321,1.1267
9/6/2020,1.134,1.1297,1.1365,1.1241
10/6/2020,1.1369,1.134,1.1423,1.1322
11/6/2020,1.1297,1.1373,1.1404,1.1287
12/6/2020,1.1254,1.1299,1.1341,1.1212
15/06/2020,1.1322,1.1245,1.1334,1.1226
16/06/2020,1.1263,1.1325,1.1353,1.1228
17/06/2020,1.1243,1.1264,1.1295,1.1207
18/06/2020,1.1202,1.1244,1.1264,1.1185
19/06/2020,1.1175,1.1205,1.1255,1.1168
22/06/2020,1.1258,1.1185,1.1271,1.1168
23/06/2020,1.1306,1.1259,1.135,1.1233
24/06/2020,1.125,1.1308,1.1327,1.1248
25/06/2020,1.1217,1.1251,1.1261,1.119
26/06/2020,1.1217,1.1218,1.1241,1.1194
29/06/2020,1.124,1.1227,1.1289,1.1216
30/06/2020,1.1231,1.1242,1.1263,1.1191
1/7/2020,1.125,1.1233,1.1276,1.1185
2/7/2020,1.1238,1.1252,1.1303,1.1222
3/7/2020,1.1248,1.1239,1.1254,1.1219
6/7/2020,1.1308,1.1242,1.1346,1.124
7/7/2020,1.127,1.1308,1.1334,1.1258
8/7/2020,1.1329,1.1273,1.1352,1.1262
9/7/2020,1.1281,1.1329,1.1372,1.1279
10/7/2020,1.1298,1.1285,1.1326,1.1255
13/07/2020,1.134,1.13,1.1375,1.1297
14/07/2020,1.1396,1.1343,1.1409,1.1324
15/07/2020,1.141,1.14,1.1452,1.1391
16/07/2020,1.1383,1.1411,1.1443,1.137
17/07/2020,1.1426,1.1384,1.1444,1.1377
20/07/2020,1.1444,1.141,1.1468,1.1401
21/07/2020,1.1526,1.1447,1.154,1.1422
22/07/2020,1.1568,1.1528,1.1602,1.1507
23/07/2020,1.1594,1.1575,1.1628,1.1539
24/07/2020,1.1654,1.1597,1.1659,1.158
27/07/2020,1.1751,1.1646,1.1782,1.1637
28/07/2020,1.1714,1.1753,1.1774,1.1698
29/07/2020,1.179,1.1718,1.1807,1.1714
30/07/2020,1.1846,1.1788,1.1849,1.1731
31/07/2020,1.1774,1.1846,1.191,1.176
3/8/2020,1.1761,1.1783,1.1797,1.1696
4/8/2020,1.18,1.1765,1.1807,1.172
5/8/2020,1.1861,1.1802,1.1906,1.1793
6/8/2020,1.1875,1.1863,1.1917,1.1818
7/8/2020,1.1786,1.1877,1.1884,1.1755
10/8/2020,1.1736,1.1788,1.1803,1.1736
11/8/2020,1.1739,1.1738,1.1808,1.1722
12/8/2020,1.1782,1.174,1.1816,1.171
13/08/2020,1.1812,1.1786,1.1865,1.1781
14/08/2020,1.1841,1.1815,1.1852,1.1782
17/08/2020,1.1869,1.184,1.1882,1.1829
18/08/2020,1.1929,1.187,1.1967,1.1865
19/08/2020,1.1836,1.1931,1.1954,1.183
20/08/2020,1.1859,1.1839,1.1869,1.1802
21/08/2020,1.1795,1.186,1.1883,1.1754
24/08/2020,1.1787,1.1787,1.1851,1.1783
25/08/2020,1.1833,1.1793,1.1845,1.1783
26/08/2020,1.1829,1.1834,1.1841,1.1772
27/08/2020,1.1821,1.1831,1.1902,1.1762
28/08/2020,1.1903,1.1822,1.192,1.181
31/08/2020,1.1936,1.1899,1.1967,1.1883
1/9/2020,1.191,1.1936,1.2012,1.1901
2/9/2020,1.1853,1.1911,1.1931,1.1822
3/9/2020,1.1849,1.1852,1.1866,1.1789
4/9/2020,1.1838,1.185,1.1866,1.1781
7/9/2020,1.1817,1.1833,1.1849,1.1811
8/9/2020,1.1779,1.1817,1.1829,1.1765
9/9/2020,1.1802,1.1777,1.1834,1.1753
10/9/2020,1.1813,1.1801,1.1918,1.18
11/9/2020,1.1845,1.1814,1.1875,1.1812
14/09/2020,1.1868,1.184,1.1889,1.183
15/09/2020,1.1845,1.1865,1.1901,1.1839
16/09/2020,1.1814,1.185,1.1883,1.1787
17/09/2020,1.1847,1.1816,1.1854,1.1737
18/09/2020,1.1837,1.1848,1.1871,1.1826
21/09/2020,1.1769,1.1848,1.1873,1.1731
22/09/2020,1.1706,1.177,1.1774,1.1691
23/09/2020,1.1659,1.1708,1.1719,1.1651
24/09/2020,1.1672,1.166,1.1688,1.1626
25/09/2020,1.163,1.1671,1.1686,1.1612
28/09/2020,1.1664,1.1638,1.1679,1.1615
29/09/2020,1.1742,1.1666,1.1746,1.166
30/09/2020,1.1718,1.1743,1.1756,1.1684
1/10/2020,1.1747,1.1719,1.177,1.1717
2/10/2020,1.1713,1.1748,1.1751,1.1695
5/10/2020,1.1781,1.1716,1.1798,1.1707
6/10/2020,1.1734,1.1782,1.1809,1.1731
7/10/2020,1.176,1.1735,1.1783,1.1724
8/10/2020,1.1758,1.1762,1.1782,1.1732
9/10/2020,1.1824,1.1759,1.1832,1.1753
12/10/2020,1.1813,1.1819,1.1827,1.1786
13/10/2020,1.1744,1.1813,1.1817,1.1731
14/10/2020,1.1746,1.1746,1.1772,1.1719
15/10/2020,1.1706,1.1747,1.176,1.1688
16/10/2020,1.1718,1.1708,1.1746,1.1694
19/10/2020,1.1766,1.1722,1.1795,1.1703
20/10/2020,1.1821,1.1769,1.1841,1.176
21/10/2020,1.1861,1.1822,1.1882,1.1821
22/10/2020,1.1816,1.1862,1.1868,1.1811
23/10/2020,1.1859,1.1819,1.1866,1.1787
26/10/2020,1.1808,1.1858,1.1861,1.1803
27/10/2020,1.1795,1.181,1.1839,1.1793
28/10/2020,1.1744,1.1796,1.1798,1.1717
29/10/2020,1.1674,1.1746,1.176,1.165
30/10/2020,1.1647,1.1674,1.1705,1.1639
2/11/2020,1.164,1.1658,1.1658,1.1622
3/11/2020,1.1711,1.164,1.174,1.1633
4/11/2020,1.1722,1.1715,1.177,1.1603
5/11/2020,1.1821,1.1725,1.1861,1.171
6/11/2020,1.1872,1.1826,1.1891,1.1795
9/11/2020,1.1813,1.1882,1.192,1.1795
10/11/2020,1.1814,1.1812,1.1844,1.178
11/11/2020,1.1777,1.181,1.1834,1.1745
12/11/2020,1.1804,1.1777,1.1824,1.1758
13/11/2020,1.1832,1.1805,1.1838,1.1798
16/11/2020,1.1853,1.1829,1.1869,1.1813
17/11/2020,1.1861,1.1852,1.1895,1.1842
18/11/2020,1.1852,1.1863,1.1892,1.1848
19/11/2020,1.1873,1.1853,1.1883,1.1816
20/11/2020,1.1853,1.1875,1.1891,1.1849
23/11/2020,1.184,1.1853,1.1906,1.18
24/11/2020,1.1888,1.1842,1.1897,1.1837
25/11/2020,1.1913,1.1891,1.1931,1.1882
26/11/2020,1.1913,1.1916,1.1941,1.1884
27/11/2020,1.1962,1.1914,1.1965,1.1907
30/11/2020,1.1928,1.1957,1.2004,1.1924
1/12/2020,1.207,1.1928,1.2077,1.1926
2/12/2020,1.2115,1.207,1.2119,1.204
3/12/2020,1.214,1.2115,1.2177,1.21
4/12/2020,1.212,1.2142,1.2178,1.211
7/12/2020,1.2108,1.2128,1.2167,1.2078
8/12/2020,1.2101,1.2109,1.2134,1.2095
9/12/2020,1.2081,1.2103,1.2148,1.2059
10/12/2020,1.2136,1.2083,1.216,1.2075
11/12/2020,1.2111,1.2137,1.2163,1.2105
14/12/2020,1.2143,1.2131,1.2177,1.2115
15/12/2020,1.2151,1.2143,1.217,1.2121
16/12/2020,1.2197,1.2152,1.2213,1.2125
17/12/2020,1.2266,1.2199,1.2274,1.2191
18/12/2020,1.2255,1.2268,1.2273,1.2225
21/12/2020,1.2242,1.2242,1.2254,1.2129
22/12/2020,1.2161,1.2244,1.2257,1.2151
23/12/2020,1.2185,1.2163,1.2221,1.2154
24/12/2020,1.2186,1.2188,1.2217,1.2177
25/12/2020,1.2204,1.2186,1.2212,1.2165
28/12/2020,1.2214,1.2202,1.2251,1.2181
29/12/2020,1.2247,1.2217,1.2276,1.2207
30/12/2020,1.2295,1.2248,1.2311,1.2246
31/12/2020,1.2213,1.2298,1.231,1.2209
1/1/2021,1.2212,1.2216,1.2217,1.221
4/1/2021,1.2248,1.2231,1.231,1.2223
5/1/2021,1.2294,1.2247,1.2307,1.2246
6/1/2021,1.2325,1.2296,1.235,1.2265
7/1/2021,1.227,1.2327,1.2346,1.2244
8/1/2021,1.2218,1.2273,1.2284,1.2191
11/1/2021,1.2149,1.2217,1.2227,1.2132
12/1/2021,1.2207,1.2152,1.2211,1.2136
13/01/2021,1.2157,1.2208,1.2224,1.214
14/01/2021,1.2156,1.2157,1.2179,1.2111
15/01/2021,1.2078,1.2155,1.2163,1.2074
18/01/2021,1.2076,1.2085,1.2091,1.2054
19/01/2021,1.2128,1.2078,1.2146,1.2074
20/01/2021,1.2104,1.2127,1.2158,1.2076
21/01/2021,1.2162,1.2106,1.2175,1.2103
22/01/2021,1.2167,1.2164,1.2191,1.2151
25/01/2021,1.2137,1.2168,1.2184,1.2115
26/01/2021,1.216,1.2138,1.2177,1.2107
27/01/2021,1.2108,1.216,1.217,1.2057
28/01/2021,1.2121,1.2109,1.2142,1.2079
29/01/2021,1.2136,1.2121,1.2156,1.2093
1/2/2021,1.2059,1.214,1.2146,1.2054
2/2/2021,1.2042,1.2059,1.2089,1.2011
3/2/2021,1.2034,1.2044,1.205,1.2003
4/2/2021,1.1962,1.2033,1.2043,1.1957
5/2/2021,1.2042,1.1964,1.205,1.1952
8/2/2021,1.2048,1.2042,1.2067,1.2019
9/2/2021,1.2117,1.2048,1.2122,1.2045
10/2/2021,1.2116,1.2119,1.2145,1.2108
11/2/2021,1.2128,1.2118,1.215,1.2112
12/2/2021,1.2118,1.213,1.2135,1.2081
15/02/2021,1.2127,1.2123,1.2146,1.2116
16/02/2021,1.2104,1.213,1.217,1.2095
17/02/2021,1.2036,1.2107,1.2111,1.2023
18/02/2021,1.2088,1.2037,1.2096,1.2035
19/02/2021,1.2117,1.2091,1.2145,1.2082
22/02/2021,1.2154,1.2117,1.217,1.2091
23/02/2021,1.2149,1.2155,1.2181,1.2135
24/02/2021,1.2164,1.215,1.2176,1.2109
25/02/2021,1.2176,1.2163,1.2243,1.2155
26/02/2021,1.2074,1.2176,1.2185,1.2062
1/3/2021,1.2047,1.2079,1.2102,1.2027
2/3/2021,1.2089,1.2049,1.2095,1.1991
3/3/2021,1.2062,1.2091,1.2113,1.2042
4/3/2021,1.1966,1.2063,1.2068,1.1961
5/3/2021,1.1917,1.1968,1.1978,1.1894
8/3/2021,1.1843,1.1922,1.1933,1.1844
9/3/2021,1.1898,1.1847,1.1917,1.1835
10/3/2021,1.1925,1.19,1.1931,1.1868
11/3/2021,1.1984,1.1928,1.199,1.1916
12/3/2021,1.1952,1.1983,1.199,1.191
15/03/2021,1.1928,1.1952,1.1968,1.1911
16/03/2021,1.19,1.1929,1.1953,1.1882
17/03/2021,1.1978,1.1906,1.1986,1.1885
18/03/2021,1.1915,1.1979,1.199,1.1906
19/03/2021,1.1903,1.1915,1.1939,1.1874
22/03/2021,1.1931,1.1899,1.1947,1.1871
23/03/2021,1.1849,1.1935,1.1941,1.1841
24/03/2021,1.1812,1.1851,1.1854,1.1809
25/03/2021,1.1764,1.1813,1.1829,1.1761
26/03/2021,1.1796,1.1763,1.1805,1.1763
29/03/2021,1.1762,1.1795,1.1797,1.176
30/03/2021,1.1714,1.1764,1.1774,1.1711
31/03/2021,1.1728,1.1716,1.176,1.1703
1/4/2021,1.1775,1.1731,1.1781,1.1712
2/4/2021,1.1762,1.1777,1.1788,1.1748
5/4/2021,1.1811,1.1761,1.182,1.1738
6/4/2021,1.1875,1.1814,1.1878,1.1795
7/4/2021,1.187,1.1875,1.1916,1.1861
8/4/2021,1.1912,1.1867,1.1928,1.1861
9/4/2021,1.1896,1.1913,1.1921,1.1867
12/4/2021,1.1909,1.1891,1.192,1.187
13/04/2021,1.1946,1.1911,1.1956,1.1878
14/04/2021,1.1978,1.1948,1.1988,1.1947
15/04/2021,1.1965,1.198,1.1995,1.1955
16/04/2021,1.1983,1.1967,1.1996,1.195
19/04/2021,1.2033,1.1984,1.2049,1.1942
20/04/2021,1.2033,1.2036,1.2081,1.2022
21/04/2021,1.2033,1.2037,1.2045,1.1998
22/04/2021,1.2015,1.2035,1.207,1.1993
23/04/2021,1.2099,1.2015,1.21,1.2012
26/04/2021,1.2083,1.2093,1.2118,1.2061
27/04/2021,1.209,1.2086,1.2093,1.2056
28/04/2021,1.2123,1.2091,1.2135,1.2055
29/04/2021,1.2118,1.2126,1.215,1.2102
30/04/2021,1.2018,1.2116,1.2127,1.2016
3/5/2021,1.2061,1.2031,1.2076,1.2012
4/5/2021,1.2013,1.2064,1.2066,1.1998
5/5/2021,1.2005,1.2013,1.2027,1.1985
6/5/2021,1.2064,1.2005,1.2072,1.1992
7/5/2021,1.2163,1.2066,1.2172,1.2053
10/5/2021,1.2129,1.2161,1.2178,1.2127
11/5/2021,1.2146,1.2129,1.2182,1.2122
12/5/2021,1.2069,1.2148,1.2153,1.2065
13/05/2021,1.2078,1.2073,1.2108,1.205
14/05/2021,1.214,1.208,1.215,1.207
17/05/2021,1.2151,1.214,1.217,1.2126
18/05/2021,1.222,1.2153,1.2234,1.2151
19/05/2021,1.2172,1.2222,1.2246,1.216
20/05/2021,1.2226,1.2171,1.223,1.2169
21/05/2021,1.2231,1.2226,1.2239,1.2224
